[{"model": "api.tour", "pk": 11, "fields": {"photo": "tour_images/1617325910_63-p-oboi-ozero-sari-chelek-65.jpg", "name": "\u041e\u0437\u0435\u0440\u043e \u0421\u0430\u0440\u044b \u0427\u0435\u043b\u0435\u043a", "region": "\u0414\u0436\u0430\u043b\u0430\u043b-\u0410\u0431\u0430\u0434\u0441\u043a\u0430\u044f \u043e\u0431\u043b\u0430\u0441\u0442\u044c"}}, {"model": "api.tour", "pk": 12, "fields": {"photo": "tour_images/Z2AAAgKvFuA-960_cqtSOhu.jpg", "name": "\u0420\u043e\u0434\u0435\u043b\u044c\u0431\u0430\u043d\u044b", "region": "\u0418\u0441\u0441\u044b\u043a-\u041a\u0443\u043b\u044c\u0441\u043a\u0430\u044f \u043e\u0431\u043b\u0430\u0441\u0442\u044c"}}, {"model": "api.tour", "pk": 13, "fields": {"photo": "tour_images/unnamed_2_n8drAHK.jpg", "name": "\u0410\u043b\u0430\u043c\u0435\u0434\u0438\u043d\u0441\u043a\u043e\u0435 \u0443\u0449\u0435\u043b\u044c\u0435", "region": "\u0427\u0443\u0439\u0441\u043a\u0430\u044f \u043e\u0431\u043b\u0430\u0441\u0442\u044c"}}, {"model": "api.tour", "pk": 14, "fields": {"photo": "tour_images/\u0411\u0435\u0437_\u043d\u0430\u0437\u0432\u0430\u043d\u0438\u044f_UtqepEP.jpg", "name": "\u0417\u0438\u043f\u043b\u0430\u0439\u043d", "region": "\u0418\u0441\u0441\u044b\u043a-\u041a\u0443\u043b\u044c\u0441\u043a\u0430\u044f \u043e\u0431\u043b\u0430\u0441\u0442\u044c"}}, {"model": "api.tour", "pk": 15, "fields": {"photo": "tour_images/sonkul-1.jpg", "name": "\u041e\u0437\u0435\u0440\u043e \u0421\u043e\u043d \u041a\u043e\u043b", "region": "\u041d\u0430\u0440\u044b\u043d\u0441\u043a\u0430\u044f \u043e\u0431\u043b\u0430\u0441\u0442\u044c"}}, {"model": "api.tour", "pk": 16, "fields": {"photo": "tour_images/c_vlasov_egor.jpg", "name": "\u0412\u043e\u0434\u043e\u043f\u0430\u0434 \u0411\u0430\u0440\u0441\u043a\u043e\u043e\u043d", "region": "\u0418\u0441\u0441\u044b\u043a-\u041a\u0443\u043b\u044c"}}, {"model": "api.tour", "pk": 17, "fields": {"photo": "tour_images/1600x1066_0x0_d0b_fDtCEI8.jpg", "name": "\u0412\u043e\u0434\u043e\u043f\u0430\u0434 \u0411\u0435\u043b\u043e\u0433\u043e\u0440\u043a\u0430", "region": "\u0427\u0443\u0439\u0441\u043a\u0430\u044f \u043e\u0431\u043b\u0430\u0441\u0442\u044c"}}, {"model": "api.tour", "pk": 18, "fields": {"photo": "tour_images/3_40mF7Qq.jpg", "name": "\u0423\u0449\u0435\u043b\u044c\u0435 \u0410\u043b\u0430-\u0410\u0440\u0447\u0430", "region": "\u0427\u0443\u0439\u0441\u043a\u0430\u044f \u043e\u0431\u043b\u0430\u0441\u0442\u044c"}}, {"model": "api.tour", "pk": 19, "fields": {"photo": "tour_images/3_3YLnK8f.jpg", "name": "\u041e\u0437\u0435\u0440\u043e \u041a\u043e\u043b-\u041a\u043e\u0433\u0443\u0440", "region": "\u0427\u0443\u0439\u0441\u043a\u0430\u044f \u043e\u0431\u043b\u0430\u0441\u0442\u044c"}}, {"model": "api.tour", "pk": 20, "fields": {"photo": "tour_images/\u0411\u0435\u0437_\u043d\u0430\u0437\u0432\u0430\u043d\u0438\u044f_ipHfAPZ.jpg", "name": "\u0421\u0443\u043b\u0443\u0442\u043e\u0440\u0441\u043a\u0438\u0435 \u043e\u0437\u0435\u0440\u0430", "region": "\u041d\u0430\u0440\u044b\u043d\u0441\u043a\u0430\u044f \u043e\u0431\u043b\u0430\u0441\u0442\u044c"}}, {"model": "api.tour", "pk": 21, "fields": {"photo": "tour_images/kok_moinok_3.jpg", "name": "\u041e\u0437\u0435\u0440\u043e \u041a\u043e\u043a \u041c\u043e\u0439\u043d\u043e\u043a", "region": "\u0418\u0441\u0441\u044b\u043a-\u041a\u0443\u043b\u044c\u0441\u043a\u0430\u044f \u043e\u0431\u043b\u0430\u0441\u0442\u044c"}}, {"model": "api.tour", "pk": 22, "fields": {"photo": "tour_images/1044981253.jpg", "name": "\u041e\u0437\u0435\u0440\u043e \u041a\u043e\u043b-\u0422\u043e\u0440", "region": "\u0427\u0443\u0439\u0441\u043a\u0430\u044f \u043e\u0431\u043b\u0430\u0441\u0442\u044c"}}, {"model": "api.tour", "pk": 23, "fields": {"photo": "tour_images/dsc_0219.jpg", "name": "\u041e\u0437\u0435\u0440\u043e \u0410\u0434\u044b\u0433\u0435\u043d\u0435", "region": "\u0427\u0443\u0439\u0441\u043a\u0430\u044f \u043e\u0431\u043b\u0430\u0441\u0442\u044c"}}, {"model": "api.tour", "pk": 24, "fields": {"photo": "tour_images/unnamed_1_6kdEULA.jpg", "name": "\u0423\u0449\u0435\u043b\u044c\u0435 \u041a\u0435\u0433\u0435\u0442\u044b", "region": "\u0427\u0443\u0439\u0441\u043a\u0430\u044f \u043e\u0431\u043b\u0430\u0441\u0442\u044c"}}, {"model": "api.tour", "pk": 25, "fields": {"photo": "tour_images/15762598727645645_fb42_ljoS3Sh.jpg", "name": "\u041e\u0437\u0435\u0440\u043e \u041e\u0440\u0442\u043e-\u041a\u043e\u043b", "region": "\u0427\u0443\u0439\u0441\u043a\u0430\u044f \u043e\u0431\u043b\u0430\u0441\u0442\u044c"}}, {"model": "api.tour", "pk": 26, "fields": {"photo": "tour_images/4.jpg", "name": "\u041e\u0437\u0435\u0440\u043e \u0423\u0447\u0438\u0442\u0435\u043b\u044c", "region": "\u0427\u0443\u0439\u0441\u043a\u0430\u044f \u043e\u0431\u043b\u0430\u0441\u0442\u044c"}}, {"model": "api.tour", "pk": 27, "fields": {"photo": "tour_images/20150611_Trud_0049.jpg", "name": "\u041f\u0438\u043a \u042d\u043b\u0435\u043a\u0442\u0440\u043e", "region": "\u0427\u0443\u0439\u0441\u043a\u0430\u044f \u043e\u0431\u043b\u0430\u0441\u0442\u044c"}}, {"model": "api.tour", "pk": 28, "fields": {"photo": "tour_images/1544302094_screenshot_22.png", "name": "\u041b\u0435\u0434\u043d\u0438\u043a \u0413\u043e\u043b\u0443\u0431\u0438\u043d\u0430", "region": "\u0427\u0443\u0439\u0441\u043a\u0430\u044f \u043e\u0431\u043b\u0430\u0441\u0442\u044c"}}, {"model": "api.tour", "pk": 29, "fields": {"photo": "tour_images/c_ilya_zlaty.jpg", "name": "\u0423\u0449\u0435\u043b\u044c\u0435 \u0427\u0443\u043d\u043a\u0443\u0440\u0447\u0430\u043a", "region": "\u0427\u0443\u0439\u0441\u043a\u0430\u044f \u043e\u0431\u043b\u0430\u0441\u0442\u044c"}}, {"model": "api.tourphoto", "pk": 11, "fields": {"tour": 11, "photo": "tour_images/3b1c199419217bbce8f50f065db361b1.jpg"}}, {"model": "api.tourphoto", "pk": 12, "fields": {"tour": 11, "photo": "tour_images/1045027149.jpg"}}, {"model": "api.tourphoto", "pk": 13, "fields": {"tour": 11, "photo": "tour_images/unnamed.jpg"}}, {"model": "api.tourphoto", "pk": 14, "fields": {"tour": 11, "photo": "tour_images/Z2AAAgKvFuA-960.jpg"}}, {"model": "api.tourphoto", "pk": 15, "fields": {"tour": 12, "photo": "tour_images/unnamed_1.jpg"}}, {"model": "api.tourphoto", "pk": 16, "fields": {"tour": 12, "photo": "tour_images/unnamed_2.jpg"}}, {"model": "api.tourphoto", "pk": 17, "fields": {"tour": 12, "photo": "tour_images/unnamed_3.jpg"}}, {"model": "api.tourphoto", "pk": 18, "fields": {"tour": 12, "photo": "tour_images/unnamed_kgprQT0.jpg"}}, {"model": "api.tourphoto", "pk": 19, "fields": {"tour": 12, "photo": "tour_images/\u0411\u0435\u0437_\u043d\u0430\u0437\u0432\u0430\u043d\u0438\u044f.jpg"}}, {"model": "api.tourphoto", "pk": 20, "fields": {"tour": 13, "photo": "tour_images/unnamed_cksP7ys.jpg"}}, {"model": "api.tourphoto", "pk": 21, "fields": {"tour": 13, "photo": "tour_images/\u0411\u0435\u0437_\u043d\u0430\u0437\u0432\u0430\u043d\u0438\u044f_dpoc2Qe.jpg"}}, {"model": "api.tourphoto", "pk": 22, "fields": {"tour": 13, "photo": "tour_images/4285-240917.JPG"}}, {"model": "api.tourphoto", "pk": 23, "fields": {"tour": 13, "photo": "tour_images/4367-240917.JPG"}}, {"model": "api.tourphoto", "pk": 24, "fields": {"tour": 14, "photo": "tour_images/1591770714_ikonka.jpg"}}, {"model": "api.tourphoto", "pk": 25, "fields": {"tour": 14, "photo": "tour_images/unnamed_LYXJd8d.jpg"}}, {"model": "api.tourphoto", "pk": 26, "fields": {"tour": 15, "photo": "tour_images/1600x1066_0x0_d0b.jpg"}}, {"model": "api.tourphoto", "pk": 27, "fields": {"tour": 15, "photo": "tour_images/\u0411\u0435\u0437_\u043d\u0430\u0437\u0432\u0430\u043d\u0438\u044f_oWZYUJJ.jpg"}}, {"model": "api.tourphoto", "pk": 28, "fields": {"tour": 16, "photo": "tour_images/IMG_3154-HDR_2.JPG"}}, {"model": "api.tourphoto", "pk": 29, "fields": {"tour": 16, "photo": "tour_images/IMG_3136-HDR.JPG"}}, {"model": "api.tourphoto", "pk": 30, "fields": {"tour": 16, "photo": "tour_images/IMG_3157.JPG"}}, {"model": "api.tourphoto", "pk": 31, "fields": {"tour": 17, "photo": "tour_images/3.jpg"}}, {"model": "api.tourphoto", "pk": 32, "fields": {"tour": 17, "photo": "tour_images/unnamed_1_MY4PrPw.jpg"}}, {"model": "api.tourphoto", "pk": 33, "fields": {"tour": 17, "photo": "tour_images/unnamed_2_MSLbyMU.jpg"}}, {"model": "api.tourphoto", "pk": 34, "fields": {"tour": 18, "photo": "tour_images/3675-170917.JPG"}}, {"model": "api.tourphoto", "pk": 35, "fields": {"tour": 18, "photo": "tour_images/3949-170917.JPG"}}, {"model": "api.tourphoto", "pk": 36, "fields": {"tour": 18, "photo": "tour_images/3964-170917.JPG"}}, {"model": "api.tourphoto", "pk": 37, "fields": {"tour": 18, "photo": "tour_images/3688-170917.JPG"}}, {"model": "api.tourphoto", "pk": 38, "fields": {"tour": 19, "photo": "tour_images/1600x1066_0x0_d0b_WUJ8PAN.jpg"}}, {"model": "api.tourphoto", "pk": 39, "fields": {"tour": 19, "photo": "tour_images/unnamed_1_WxxNXbb.jpg"}}, {"model": "api.tourphoto", "pk": 40, "fields": {"tour": 19, "photo": "tour_images/unnamed_2_pzYyk3e.jpg"}}, {"model": "api.tourphoto", "pk": 41, "fields": {"tour": 20, "photo": "tour_images/3_1.jpg"}}, {"model": "api.tourphoto", "pk": 42, "fields": {"tour": 20, "photo": "tour_images/3_J9qrnj1.jpg"}}, {"model": "api.tourphoto", "pk": 43, "fields": {"tour": 20, "photo": "tour_images/shutterstock_314301314.jpg"}}, {"model": "api.tourphoto", "pk": 44, "fields": {"tour": 21, "photo": "tour_images/kok_moinok_4.jpg"}}, {"model": "api.tourphoto", "pk": 45, "fields": {"tour": 21, "photo": "tour_images/1.jpg"}}, {"model": "api.tourphoto", "pk": 46, "fields": {"tour": 21, "photo": "tour_images/\u0411\u0435\u0437_\u043d\u0430\u0437\u0432\u0430\u043d\u0438\u044f_xWPZdFB.jpg"}}, {"model": "api.tourphoto", "pk": 47, "fields": {"tour": 22, "photo": "tour_images/IMG_0091_1.JPG"}}, {"model": "api.tourphoto", "pk": 48, "fields": {"tour": 22, "photo": "tour_images/4858-081017.jpg"}}, {"model": "api.tourphoto", "pk": 49, "fields": {"tour": 22, "photo": "tour_images/5672-221017.jpg"}}, {"model": "api.tourphoto", "pk": 50, "fields": {"tour": 22, "photo": "tour_images/5610-221017.jpg"}}, {"model": "api.tourphoto", "pk": 51, "fields": {"tour": 23, "photo": "tour_images/156387168513477089.jpg"}}, {"model": "api.tourphoto", "pk": 52, "fields": {"tour": 23, "photo": "tour_images/unnamed_2_1sIbOJd.jpg"}}, {"model": "api.tourphoto", "pk": 53, "fields": {"tour": 23, "photo": "tour_images/unnamed_1_en0xoer.jpg"}}, {"model": "api.tourphoto", "pk": 54, "fields": {"tour": 23, "photo": "tour_images/unnamed_3_cZsxUH7.jpg"}}, {"model": "api.tourphoto", "pk": 55, "fields": {"tour": 24, "photo": "tour_images/15762598727645645_fb42.jpg"}}, {"model": "api.tourphoto", "pk": 56, "fields": {"tour": 24, "photo": "tour_images/Kegety_At-Djailoo_5-1024x683.jpg"}}, {"model": "api.tourphoto", "pk": 57, "fields": {"tour": 24, "photo": "tour_images/87472.jpg"}}, {"model": "api.tourphoto", "pk": 58, "fields": {"tour": 24, "photo": "tour_images/4d997f0781d1f6209e276bdd27976be5.jpg"}}, {"model": "api.tourphoto", "pk": 59, "fields": {"tour": 25, "photo": "tour_images/1580636310194957050.jpg"}}, {"model": "api.tourphoto", "pk": 60, "fields": {"tour": 25, "photo": "tour_images/1109587.ac0ad1bbcf80c79fa368e58aba0b832c.jpg"}}, {"model": "api.tourphoto", "pk": 61, "fields": {"tour": 26, "photo": "tour_images/58106291.jpg"}}, {"model": "api.tourphoto", "pk": 62, "fields": {"tour": 26, "photo": "tour_images/1_oFb037H.jpg"}}, {"model": "api.tourphoto", "pk": 63, "fields": {"tour": 26, "photo": "tour_images/15762598727645645_fb42_K0CA74X.jpg"}}, {"model": "api.tourphoto", "pk": 64, "fields": {"tour": 27, "photo": "tour_images/unnamed_1_bV0XzOH.jpg"}}, {"model": "api.tourphoto", "pk": 65, "fields": {"tour": 27, "photo": "tour_images/4.jpeg"}}, {"model": "api.tourphoto", "pk": 66, "fields": {"tour": 27, "photo": "tour_images/5069252314234894378056127490406011988082688n_5d3b1a6a40420.jpg"}}, {"model": "api.tourphoto", "pk": 67, "fields": {"tour": 28, "photo": "tour_images/maxresdefault.jpg"}}, {"model": "api.tourphoto", "pk": 68, "fields": {"tour": 28, "photo": "tour_images/unnamed_3_TQUUcMo.jpg"}}, {"model": "api.tourphoto", "pk": 69, "fields": {"tour": 28, "photo": "tour_images/unnamed_2_VA1Myv4.jpg"}}, {"model": "api.tourphoto", "pk": 70, "fields": {"tour": 28, "photo": "tour_images/1544302123_screenshot_23.png"}}, {"model": "api.tourphoto", "pk": 71, "fields": {"tour": 29, "photo": "tour_images/unnamed_2_eBKHZDR.jpg"}}, {"model": "api.tourphoto", "pk": 72, "fields": {"tour": 29, "photo": "tour_images/unnamed_1_ww0H1C0.jpg"}}, {"model": "api.tourphoto", "pk": 73, "fields": {"tour": 29, "photo": "tour_images/15762598727645645_fb42_b9QMHUl.jpg"}}, {"model": "api.companycontacts", "pk": 11, "fields": {"instagram": "in_tourists", "telegram": null, "whatsapp": "996702775853", "phone": "996702775853"}}, {"model": "api.companycontacts", "pk": 12, "fields": {"instagram": "jumanji.tour", "telegram": null, "whatsapp": "996555333633", "phone": "996555333633"}}, {"model": "api.companycontacts", "pk": 13, "fields": {"instagram": "kettik.kg", "telegram": "kettik_kg", "whatsapp": "996553900515", "phone": "996553900515"}}, {"model": "api.companycontacts", "pk": 14, "fields": {"instagram": "idemnapik", "telegram": null, "whatsapp": "996771900900", "phone": "996771900900"}}, {"model": "api.companycontacts", "pk": 15, "fields": {"instagram": "theroad.kg", "telegram": "Theroad_kg", "whatsapp": "996500190909", "phone": "996500190909"}}, {"model": "api.companycontacts", "pk": 16, "fields": {"instagram": "fun_travells", "telegram": null, "whatsapp": "996502402060", "phone": "996502402060"}}, {"model": "api.companycontacts", "pk": 17, "fields": {"instagram": "hiking.club", "telegram": "hiking_club", "whatsapp": "996553325000", "phone": "996553325000"}}, {"model": "api.companycontacts", "pk": 18, "fields": {"instagram": "arashan.travel/", "telegram": null, "whatsapp": "996559222999", "phone": "996559222999"}}, {"model": "api.companycontacts", "pk": 19, "fields": {"instagram": "namars.kg", "telegram": null, "whatsapp": "996552299792", "phone": "996552299792"}}, {"model": "api.companycontacts", "pk": 20, "fields": {"instagram": "ulush_travel", "telegram": null, "whatsapp": "996501052051", "phone": "996501052051"}}, {"model": "api.companycontacts", "pk": 21, "fields": {"instagram": "perspective__travel", "telegram": null, "whatsapp": "996707234325", "phone": "996707234325"}}, {"model": "api.companycontacts", "pk": 22, "fields": {"instagram": "easy_travel_tur", "telegram": null, "whatsapp": "996709513104", "phone": "996709513104"}}, {"model": "api.companycontacts", "pk": 23, "fields": {"instagram": "mountclub", "telegram": null, "whatsapp": "996755123845", "phone": "996755123845"}}, {"model": "api.companycontacts", "pk": 24, "fields": {"instagram": "pix.travels", "telegram": null, "whatsapp": "996550366322", "phone": "996550366322"}}, {"model": "api.company", "pk": 11, "fields": {"name": "Intourists", "contacts": 11}}, {"model": "api.company", "pk": 12, "fields": {"name": "\u0414\u0436\u0443\u043c\u0430\u043d\u0434\u0436\u0438 \u0422\u0443\u0440", "contacts": 12}}, {"model": "api.company", "pk": 13, "fields": {"name": "\u041a\u0435\u0442\u0442\u0438\u043a", "contacts": 13}}, {"model": "api.company", "pk": 14, "fields": {"name": "\u0418\u0434\u0451\u043c \u043d\u0430 \u041f\u0438\u043a", "contacts": 14}}, {"model": "api.company", "pk": 15, "fields": {"name": "Theroad.kg", "contacts": 15}}, {"model": "api.company", "pk": 16, "fields": {"name": "Fun Travels", "contacts": 16}}, {"model": "api.company", "pk": 17, "fields": {"name": "Hiking Club", "contacts": 17}}, {"model": "api.company", "pk": 18, "fields": {"name": "Arashan travel", "contacts": 18}}, {"model": "api.company", "pk": 19, "fields": {"name": "NaMars.kg", "contacts": 19}}, {"model": "api.company", "pk": 20, "fields": {"name": "Ulush Travel", "contacts": 20}}, {"model": "api.company", "pk": 21, "fields": {"name": "Perspective Travel", "contacts": 21}}, {"model": "api.company", "pk": 22, "fields": {"name": "\u0418\u0437\u0438 \u0422\u0440\u044d\u0432\u044d\u043b \u041a\u043e\u043c\u043f\u0430\u043d\u0438", "contacts": 22}}, {"model": "api.company", "pk": 23, "fields": {"name": "Mount club", "contacts": 23}}, {"model": "api.company", "pk": 24, "fields": {"name": "Pix Travels", "contacts": 24}}, {"model": "api.companyfeed", "pk": 101, "fields": {"company": 14, "name": "Ea quisquam magnam assumenda dolores corporis quod expedita explicabo quam ullam. Voluptate magnam a totam fugit deleniti nobis, at quisquam veniam id, ipsum volupta", "photo": "_autofixture/400x600_559.png", "feed": "Molestias debitis magnam eaque quaerat aperiam ea necessitatibus nemo numquam soluta nihil, nihil dolores magni amet, laudantium molestiae qui praesentium suscipit voluptatum neque, saepe autem excepturi aliquid est ut vel tempo"}}, {"model": "api.companyfeed", "pk": 102, "fields": {"company": 12, "name": "Nemo ex eos sequi illo ut perspiciatis consectetur cupiditate doloribus, numquam maior", "photo": "_autofixture/400x600_560.png", "feed": "Ipsa non repellendus molestiae. Qui vel consequuntur ea, saepe quos voluptas eveniet dicta a ullam sapiente, doloribus totam distinctio praesentium, provident repellat numquam consectetur distinctio itaque reprehenderit? Quae ab rem dignissimos, placeat repellat accusamus, iste doloremque sunt esse sapiente natus provident voluptates?"}}, {"model": "api.companyfeed", "pk": 103, "fields": {"company": 17, "name": "Obcaecati amet nisi repellat autem asperiores repudiandae eligendi natus libero, ipsa alias corporis soluta maiores laborum quasi blanditiis error tenetur rei", "photo": "_autofixture/100x100_465.png", "feed": "Ratione omnis esse quas blanditiis nam rerum voluptatum ab qui pariatur, officiis et recusandae architecto corrupti expedita impedit provident sed labore nobis, officia recusandae temporibus facilis? Commodi deserunt minima inventore mollitia asperiores impedit culpa aperiam voluptatem, quae at tempore tenetur, voluptatibus facere a veniam quos libero ipsa? Commodi deleniti hic vel voluptatibus dicta consectetur dolor ea"}}, {"model": "api.companyfeed", "pk": 104, "fields": {"company": 11, "name": "Impedit doloremque reprehenderit velit, officiis ipsum esse vel eligendi vero ut molestias, commodi cumque numquam voluptas doloribus, corrupti eligendi fugit", "photo": "_autofixture/100x100_466.png", "feed": "Quas sit id pariatur, illum ullam magni quasi asperiores qui suscipit unde eos consequuntur fuga? Ad maiores enim fugiat sapiente suscipit similique, deleniti reiciendis dolor quia quisquam non dolore cumque repellat magnam veniam iusto, officiis a molestiae eaque sapiente aperiam ullam repellendus non odit quisquam minus? Ipsum magni cumque veritatis repudiandae expedita possimus ad earum?"}}, {"model": "api.companyfeed", "pk": 105, "fields": {"company": 11, "name": "Ex saepe hic impedit amet quidem minima nulla, quasi nisi incidunt, qu", "photo": "_autofixture/200x300_468.png", "feed": "Harum autem laborum facere, perferendis reiciendis et id perspiciatis maiores. At ex ab exercitationem delectus debitis consequuntur quidem reiciendis dicta veniam enim, quisquam sunt earum repellat. Libero incidunt recusandae voluptatem?"}}, {"model": "api.companyfeed", "pk": 106, "fields": {"company": 16, "name": "Cupiditate itaque facere consequatur voluptatibus aspernatur delectus, veritatis facilis ab fugiat est hic itaque modi eius eos beatae iure, eveniet earum nostrum e", "photo": "_autofixture/200x300_469.png", "feed": "Adipisci error consectetur doloribus commodi maxime dicta itaque? Fugiat rerum repudiandae deserunt esse cum, excepturi illum libero cum modi. Laboriosam molestiae deleniti debitis reiciendis nostrum ratione, rem dicta exercitationem a"}}, {"model": "api.companyfeed", "pk": 107, "fields": {"company": 23, "name": "Maiores nam asperiores sequi incidunt aperiam eaque distinctio porro sed, vel itaque consequatur, repellat i", "photo": "_autofixture/200x300_470.png", "feed": "Nostrum quasi excepturi? Inventore animi dolore quasi vitae provident unde quae. Id suscipit aspernatur blanditiis sint quod eaque deserunt commodi dignissimos explicabo amet, facere qui velit magnam magni ab."}}, {"model": "api.companyfeed", "pk": 108, "fields": {"company": 17, "name": "Quos a perferendis sapiente nemo eaque? Aliquam cupiditate numquam saepe quis natus quae beatae ipsam vitae? Asperiores modi debitis voluptatum totam quos amet illo eos doloremque cupiditate nec", "photo": "_autofixture/200x300_471.png", "feed": "Nam ducimus quisquam quia inventore, dolor rerum optio, nesciunt cupiditate aut rerum accusamus harum distinctio nulla porro ea natus dolor, vel accusamus omnis molestiae ipsa beatae provident quo at assumenda, molestiae hic provident saepe harum numquam praesentium quia voluptas? Cupiditate ipsam corrupti? Fuga optio inventore maiores, sit inventore tempora molestiae quia magnam aut numquam tenetur, quia eligendi itaque earum dolore maiores numquam commodi ea obcaecati, doloribus consequuntur hic ut cupiditate esse illum placeat suscipit facilis nobis?"}}, {"model": "api.companyfeed", "pk": 109, "fields": {"company": 23, "name": "Natus earum cum optio archit", "photo": "_autofixture/200x300_472.png", "feed": "Voluptatem modi quas minus. Animi similique perspiciatis a dolore iusto minima doloremque aperiam temporibus, molestiae voluptate dolor nostrum et velit a omnis temporibus, quisquam accusamus quo ducimus enim doloribus minima omnis accusantium? Veniam sapiente esse repellendus ab reiciendis accusantium quia adipisci ipsa laborum est?"}}, {"model": "api.companyfeed", "pk": 110, "fields": {"company": 11, "name": "Aliquid quod iste mollitia rem repellat, a", "photo": "_autofixture/200x300_473.png", "feed": "Laborum aliquam iure earum provident tenetur magnam eveniet, blanditiis tenetur tempora rem beatae repudiandae eligendi alias sint, natus odio cum impedit libero fugit labore soluta neque nulla itaque, saepe blanditiis alias atque est, accusamus voluptate id aspernatur earum ea temporibus. Excepturi nulla iste blanditiis placeat repellendus, eos porro quas at consectetur aliquam, autem minima voluptates porro cupiditate ipsam voluptatibus quas vitae quidem velit eaque. Quisquam nulla voluptas cupiditate ab nobis doloribus facilis numquam voluptate fuga incidunt, maiores a nisi deserunt modi alias nemo voluptate, inventore et id, fuga eum veniam in."}}, {"model": "api.companyfeed", "pk": 111, "fields": {"company": 21, "name": "Ipsum aperiam natus explicabo voluptatum, velit nesciunt voluptate corporis voluptates omnis laboriosam et reiciendis, incidunt debitis beatae maxime. Voluptates er", "photo": "_autofixture/200x300_474.png", "feed": "Accusamus laudantium facere impedit unde fuga deserunt, ex quis natus cum omnis, inventore animi asperiores ullam nemo temporibus veritatis voluptatibus quis amet obcaecati esse, recusandae atque aut animi numquam at dolores asperiores deleniti corrupti debitis, quas quisquam asperiores impedit error reiciendis pariatur eaque temporibus cumque eligendi sunt? In culpa quod maxime omnis asperiores cum, inventore possimus fugiat deleniti numquam explicabo quod non ex dignissimos ullam asperiores, illo voluptas cum odio architecto impedit maiores similique, et delectus pariatur provident dolores doloribus harum, et modi rem debitis ducimus quas obcaecati facere id nam vero aperiam? Eum modi rem voluptat"}}, {"model": "api.companyfeed", "pk": 112, "fields": {"company": 23, "name": "Dignissimos obcaecati unde totam ut, aliquam similique rerum obcaecati vel consequatur hic dolorem corporis et adipisci vero, pariatur explicabo natus deserunt consequatur itaque eos quisqua", "photo": "_autofixture/400x600_561.png", "feed": "Eligendi nam minima voluptas reiciendis cumque laborum, eligendi excepturi nemo ullam reiciendis quos totam autem magnam fugit, ipsum laudantium voluptatum hic? Repudiandae minima nihil perferendis consequatur nobis provident, unde mollitia nesciunt accusantium placeat, distinctio modi sequi repellat numquam autem? Adipisci sapiente necessitatibus, suscipit nobis quis voluptatum sint dolor id inventore ipsa."}}, {"model": "api.companyfeed", "pk": 113, "fields": {"company": 18, "name": "Cumque nesciunt magnam explicabo nobis quam libero minima m", "photo": "_autofixture/400x600_562.png", "feed": "Officia explicabo itaque in accusamus deserunt perspiciatis consectetur porro optio ducimus, eaque quas consectetur consequuntur provident quaerat dolor enim ratione minus nisi. Ullam possimus id minus ut fugit doloremque eveniet tenetur qui, quibusdam ipsa voluptas praesentium laboriosam, quas odio doloremque sed voluptatem explicabo commodi autem aspernatur sequi sint, eveniet neque corrupti? Aliquid in quas totam odit esse temporibus alias rem ab inventore, a dolorem doloremque facilis ipsa doloribus corrupti, in doloribus sed error, dic"}}, {"model": "api.companyfeed", "pk": 114, "fields": {"company": 21, "name": "Commodi voluptas deserunt, velit maiores debitis sunt n", "photo": "_autofixture/400x600_563.png", "feed": "Placeat magnam facilis voluptas quibusdam ducimus, quia iste praesentium expedita nihil sed aliquid incidunt eaque provident sit laudantium. Vel eum nobis delectus a illum, doloribus ipsum debitis et? Cumque tenetur in quibusdam quam earum nostrum temporibus ab dicta, a rem recusandae perferendis quae libero labore laudantium aspernatur, saepe quas molestias, voluptate beatae dolores officia dolorum ex possimus sequi at perspiciatis temporibus quae?"}}, {"model": "api.companyfeed", "pk": 115, "fields": {"company": 13, "name": "Officia explicabo consequuntur unde cupiditate itaque vitae maiores incidunt blanditiis, ex sunt molestiae iste obcaecati architecto ut dolorem por", "photo": "_autofixture/100x100_467.png", "feed": "Accusantium blanditiis ipsa repellat autem nisi dicta aspernatur deleniti. Nostrum omnis debitis nesciunt facilis enim obcaecati dolore. Tenetur quis autem voluptatibus, molestiae temporibus magni architecto vitae pl"}}, {"model": "api.companyfeed", "pk": 116, "fields": {"company": 21, "name": "Ad deleniti at illum laboriosam, quos error soluta. Id dignissimos eligendi corrupti vitae, corporis repudiandae obcaecati modi sapiente sit sed ad repellendus, similique adip", "photo": "_autofixture/100x100_468.png", "feed": "Earum eum aliquid voluptatem dolore eos, eaque ipsum rerum qui nostrum cum dolores repellendus similique iste officia quos, veritatis nesciunt officia similique voluptate quo illo ipsam ipsum, fuga corporis ut non. Similique facere vitae hic, quaerat veniam dolorum laborum magni adipisci eum impedit voluptate aliquid inventore omnis, quo corporis dolor et, necessitatibus quae id ex ullam eaque aut doloribus nobis ut? Laborum voluptas atque aut, voluptatum laudantium facilis error id magnam at dignissimos dicta quo nobis, voluptates ration"}}, {"model": "api.companyfeed", "pk": 117, "fields": {"company": 17, "name": "Ratione tenetur neque nisi assumenda quo voluptatibus nesciunt commodi maiores error, ab dicta vero", "photo": "_autofixture/100x100_469.png", "feed": "Incidunt sit harum dolorem distinctio in adipisci aspernatur porro. Numquam voluptatum delectus debitis corporis eaque deleniti. Tempora totam molestias voluptatibus animi quam voluptatem cumque eos, iste dolorum iusto sint ab voluptatem modi voluptates?"}}, {"model": "api.companyfeed", "pk": 118, "fields": {"company": 24, "name": "Praesentium quasi ducimus, quo officia obcaecati sit repellat praesentium deserunt q", "photo": "_autofixture/400x600_564.png", "feed": "Hic animi placeat omnis ex sed doloremque, nam obcaecati velit illum a eligendi vero dolorum repudiandae ea, eum minima error aliquid architecto sed, ducimus quos quasi ullam dicta soluta lib"}}, {"model": "api.companyfeed", "pk": 119, "fields": {"company": 21, "name": "Accusantium velit tempore iusto laudantium veritatis accusamus facere, ad accusantium saepe nobis commodi", "photo": "_autofixture/400x600_565.png", "feed": "Placeat impedit minus molestias at, voluptatem explicabo magnam repellat odit eos quod officia? Vero earum itaque similique ipsa cum non autem. Alias libero quis nam temporibus perferendis repellat consequuntur, quia in est quae at obcaecati ut modi eos officia ex, earum nulla accusamus at quisquam modi iure quod, sequi error veritatis ab quod doloribus, accusantium fugit exercitationem veritatis velit iure."}}, {"model": "api.companyfeed", "pk": 120, "fields": {"company": 12, "name": "Consequuntur iste ab alias laborum possimus, quos ipsum distinctio illum velit", "photo": "_autofixture/100x100_470.png", "feed": "Neque recusandae quidem inventore consequuntur natus odio nostrum iste vel? Minus id voluptatem qui mollitia commodi numquam, ad dolor debitis, maxime aliquam rerum molestiae consequatur incidu"}}, {"model": "api.companyfeed", "pk": 121, "fields": {"company": 15, "name": "Magnam pariatur aliquam quisquam quos consectetur iure veni", "photo": "_autofixture/200x300_475.png", "feed": "Voluptatum obcaecati voluptas deleniti ea at quaerat nihil a tempora accusamus. Quo tenetur assumenda cupiditate voluptatem vel eos porro vitae? Libero id facilis, incidunt soluta odio hic asperiores suscipit harum?"}}, {"model": "api.companyfeed", "pk": 122, "fields": {"company": 14, "name": "Sequi facilis inventore porro ipsam, laboriosam dolo", "photo": "_autofixture/400x600_566.png", "feed": "Similique error praesentium voluptates explicabo quae, eum illo vel quis veniam officiis dolorem officia et, ullam eveniet dolorem vel eius ex repellat culpa possimus iure explicabo quam. Temporibus voluptatibus laudantium ullam et ex nemo incidunt eius, dignissimos sed architecto quae quas incidunt quod iste reiciendis rem tempore amet, repudi"}}, {"model": "api.companyfeed", "pk": 123, "fields": {"company": 11, "name": "Suscipit explicabo nobis soluta rem quas in beatae, sunt dolorum asperiores architecto sed eveniet doloremque culpa nulla nobis quisquam, sint explicabo", "photo": "_autofixture/100x100_471.png", "feed": "Pariatur delectus consequuntur obcaecati minima asperiores similique vitae provident libero iusto, suscipit provident illum neque eaque iste dolore, provident necessitatibus odio optio, et earum nesciunt in incidunt, quod culpa eveniet voluptatem nemo ab exercitationem voluptate totam at enim quisquam? Adipisci ab illo nobis obcaecati sit dicta quaerat, doloribus totam natus, fuga accusantium animi est fugit iusto sed voluptas, temporibus vel est dolorum quidem suscipit iusto ratione odio corrupti. Nesciunt eius fuga, magni possimus reprehenderit, odit voluptas nesciunt quis voluptatum corporis iure ipsam hic, voluptatibus illum iusto obcaecati tenetur error culpa distinctio minima nobis ratione corrupti?"}}, {"model": "api.companyfeed", "pk": 124, "fields": {"company": 23, "name": "Excepturi quae a id cupiditate voluptate minus aliquid quidem quas, corrupti corporis veritatis ratione nobis repellendus atque dolorem velit? Minima modi iure, nece", "photo": "_autofixture/100x100_472.png", "feed": "Eius soluta nesciunt minus repudiandae nulla accusantium consectetur ad, repellendus nemo magnam ipsam dolorem fugiat assumenda? Harum tempora quos quidem placeat asperiores, repellendus officiis repudiandae sunt, aliquam incidunt quos dolor voluptates, fuga quos nemo quis fugiat, in debitis officiis? Dolorem ipsa illo, illo nobis doloremque labore, maxime aliquid incidunt quaerat unde odit fuga ea deserunt?"}}, {"model": "api.companyfeed", "pk": 125, "fields": {"company": 23, "name": "Architecto maiores facere error qui quibusdam, vel odio excepturi? Voluptate libero excepturi quisquam, illo dolorem natus di", "photo": "_autofixture/200x300_476.png", "feed": "Est exercitationem recusandae dicta labore dolorem delectus omnis, saepe tenetur ab odio repellat, temporibus impedit doloremque alias explicabo tenetur laborum labore ipsam asperiores, voluptas ipsam quae sit consequatur? Possimus magni minima aliquam eligendi, tempore totam esse ratione ad cumque accusantium aut. Provident ipsam nisi nam maiores, maxime nulla voluptatibus enim vero sequi?"}}, {"model": "api.companyfeed", "pk": 126, "fields": {"company": 21, "name": "Voluptatibus asperiores nostrum odio suscipit in vero neque sed saepe quaerat at, architecto voluptatum quasi incidunt aliquid voluptatibus o", "photo": "_autofixture/100x100_473.png", "feed": "Animi assumenda voluptas quos quo facilis quod a, molestias repellendus laudantium nostrum possimus odit veniam sint, dolorum veniam incidunt exercitationem eaque quisquam beatae nesciunt labore amet tempora. Nisi fuga aperiam porro eum sequi distinctio iure non consequatur? Laudantium sed maxime hic blanditiis nihil culpa esse vel, eligendi aut commodi ea molestiae in voluptatum cupiditate, quae alias dolores dicta cupiditate pariatur architecto nostrum nisi?"}}, {"model": "api.companyfeed", "pk": 127, "fields": {"company": 12, "name": "Explicabo necessitatibus molestiae eos aut saepe autem illo eius aspernatur aperiam, voluptas repudiandae dolores ducimus aperiam eveniet, laborum possimus quia incidunt a, optio nesciunt accusa", "photo": "_autofixture/400x600_567.png", "feed": "Qui natus ipsa dignissimos et, vero expedita quasi ipsa totam officiis consectetur, dolorum ipsum accusantium adipisci, deleniti ut vel amet perferendis fugit sed esse, nam dicta officiis explicabo quos quae totam voluptatum? Fugit facilis nostrum et commodi voluptatibu"}}, {"model": "api.companyfeed", "pk": 128, "fields": {"company": 17, "name": "Fugit quisquam error eveniet culpa, adipisci ipsa voluptatum tenetur atque fugiat ut nam reiciendis, vel sunt distinctio eos maxime voluptatum sequi nemo aperiam, neque nisi quas rerum, elig", "photo": "_autofixture/100x100_474.png", "feed": "Fugit quae sit blanditiis esse ducimus laudantium expedita enim facilis, consequuntur eveniet voluptate aliquid quibusdam placeat a explicabo officiis odit? Culpa maiores in vel saepe numquam velit quia soluta voluptates dolor cupiditate, consequuntur molestiae quo accusantium sapiente reprehenderit? Non praesentium excepturi amet, ex magni perferendis optio?"}}, {"model": "api.companyfeed", "pk": 129, "fields": {"company": 17, "name": "Reiciendis excepturi aspernatur perferendis id optio dolorum esse minus explicabo dolores, asperiores necessitatibus", "photo": "_autofixture/200x300_477.png", "feed": "Tempora eum provident sit impedit delectus. Nisi eius doloribus optio maiores vel corporis ipsum facere cum labore, expedita ullam inventore in quaerat perferendis commodi laboriosam possimus placeat, totam nemo fugiat excepturi mollitia tempore, aperiam suscipit quasi enim iste possimus non autem sequi maiores? Ex modi quia impedit quas ipsa culpa quibusdam harum consequuntur molestiae accusantium, id laborum voluptatum aliquam dolore, id repellendus quod quas?"}}, {"model": "api.companyfeed", "pk": 130, "fields": {"company": 17, "name": "Neque doloribus at quae ea ex enim doloremque aut quos ipsa debitis, cumque eius nobis optio provident odio? Sit accusantium provident, facere porro ipsa corporis nisi soluta volupt", "photo": "_autofixture/200x300_478.png", "feed": "Maxime neque similique dolor consequatur placeat impedit adipisci tempora veniam nemo magni, temporibus optio totam quasi dolorum cumque assumenda veri"}}, {"model": "api.companyfeed", "pk": 131, "fields": {"company": 12, "name": "Laborum sapiente perferendis eius pariatur repudiandae maxim", "photo": "_autofixture/200x300_479.png", "feed": "Modi distinctio consequatur qui et rerum minus quos, quo reiciendis optio aspernatur quaerat laboriosam, officia vel beatae quae tempore perferendis laudantium rerum libero fuga ducimus, quaerat ipsam laborum ab impedit. Excepturi repellendus itaque, atque quidem assumenda aperiam nulla aliquam, eum dolorum fugit, repellat exercitationem natus rerum facere tenetur? Ipsam recusandae mollitia amet laudantium odit quae aperiam sequi, quidem alias praesentium repellat?"}}, {"model": "api.companyfeed", "pk": 132, "fields": {"company": 24, "name": "Iure animi et magni officia debitis, ducimus excepturi quae dignissimos consequatur assumend", "photo": "_autofixture/400x600_568.png", "feed": "Iste magni obcaecati reiciendis amet eaque ad eius optio provident a. Quas nam quidem esse maxime sunt odit culpa ut, amet repellat corporis quod, illum quos labore assume"}}, {"model": "api.companyfeed", "pk": 133, "fields": {"company": 21, "name": "Excepturi dignissimos amet dol", "photo": "_autofixture/100x100_475.png", "feed": "Illo veritatis perferendis, ipsa saepe consequuntur pariatur harum nisi laboriosam maxime magni, consectetur voluptatem adipisci doloribus nemo in, culpa fugiat molestias saepe aliquam iste unde officiis nobis modi, harum iusto nemo nostrum illum rem hic saepe quod quis? Quo ipsa repudiandae animi quidem ad cumque consectetur velit, autem magni culpa iusto odio esse, nihil minus ad at vero natus. Adipisci quisquam excepturi quidem ducimus autem officiis, nemo amet doloremque"}}, {"model": "api.companyfeed", "pk": 134, "fields": {"company": 19, "name": "Adipisci animi exercitationem quis praesentium velit esse, deserunt molestiae nesciunt dolorum praesentiu", "photo": "_autofixture/200x300_480.png", "feed": "Quo ipsum maxime quam consequuntur sed labore laboriosam, quia eos eius similique dicta dolorem hic dolor ratione temporibus optio deleniti, consequuntur architecto quo eos quasi minima necessitatibus saepe tenetur impedit, omnis magnam iure voluptates laudantium nihil rem quaerat? Culpa tempore aliquam adipisci quisquam minima rem, temporibus quia sunt fugit, sint quod culpa cumque possimus molestias dicta corrupti obcaecati, in excepturi impedit veniam animi accusantium quisquam, perspiciatis repudiandae adipisci a nulla asperiores ducimus omnis expedita praesentium? Unde nesciunt aut sed magnam molestias odit vel doloremque quas, itaque autem pariatur unde nostrum sed archi"}}, {"model": "api.companyfeed", "pk": 135, "fields": {"company": 11, "name": "Corporis necessitatibus temporibus cum voluptate perferendis blanditiis modi quasi consectetur quibusdam obcaecati, fug", "photo": "_autofixture/400x600_569.png", "feed": "Beatae asperiores quam pariatur tempora eos dicta alias debitis, quia quam impedit suscipit voluptatum aspernatur perspiciatis commodi soluta, expedita impedit eos exercitationem incidunt rerum voluptate at modi minima, tempora exercitationem quia quis molestiae et autem accusantium quisquam temporibus quasi id? Similique vero eum voluptatem rerum eius mag"}}, {"model": "api.companyfeed", "pk": 136, "fields": {"company": 15, "name": "Enim nesciunt perspiciatis ea rerum vitae reprehenderit quasi", "photo": "_autofixture/100x100_476.png", "feed": "Cupiditate non ipsum autem dolorum explicabo asperiores, voluptates distinctio corrupti corporis beatae debitis deserunt. Adipisci deleniti aliquid molestiae autem hic ratione repellat architecto excepturi rem minus, laudantium ratione soluta aliquam hic autem, quam praesentium nobis dolore in vero culpa temporibus. Facilis iste impedit labore aut autem debitis, error laborum nostrum fugiat nam sunt doloribus a obcaecati maiores, facere reprehenderit consectetur vitae, commodi officia in harum saepe tempora, rerum sequi alias nihil atque fuga itaque cupiditate?"}}, {"model": "api.companyfeed", "pk": 137, "fields": {"company": 22, "name": "Nobis facilis repellendus, quis recusandae enim, facere reprehenderit ducimus iste consequatur non amet et", "photo": "_autofixture/100x100_477.png", "feed": "Praesentium error consequuntur eligendi totam ab odio dolorum mollitia alias tenetur quam, ullam accusantium dolorum beatae voluptatem vitae doloribus quasi tempora sed, vitae vero ratione, commodi porro animi deleniti molestiae consectetur at sint debitis autem, voluptatum delectus illum aut error iste ad sequ"}}, {"model": "api.companyfeed", "pk": 138, "fields": {"company": 19, "name": "Et nulla deleniti quo atque excepturi dicta iste error repellat officia. Autem eligendi saepe voluptatum atque", "photo": "_autofixture/400x600_570.png", "feed": "Nostrum distinctio provident eveniet commodi assumenda perspiciatis, libero ipsa fugiat voluptas quam provident laborum pariatur, quod blanditiis similique saepe quidem dolorem quae tempora nemo porro, excepturi libero optio eius doloribus asperiores, deleniti nobis minus? Minima ad voluptatum tempora quo fugit facere exercitationem porro maiores? Unde atque maiores quod voluptas, consequatur suscipit nam, reprehenderit delectus doloribus dicta ipsum exercitationem."}}, {"model": "api.companyfeed", "pk": 139, "fields": {"company": 16, "name": "Est sequi porro libero obcaecati deserunt recusandae quam beatae, reprehenderit dolore dignissimos earum accusantium itaq", "photo": "_autofixture/400x600_571.png", "feed": "Deleniti illum iure natus voluptatum veniam itaque a porro dicta commodi nesciunt? Dolorem blanditiis ducimus, tempora"}}, {"model": "api.companyfeed", "pk": 140, "fields": {"company": 17, "name": "Minus cupiditate delectus excepturi culpa id illum laboriosam corrupti recusandae commodi, perspiciatis h", "photo": "_autofixture/200x300_481.png", "feed": "Dicta libero nesciunt odio sequi suscipit rerum ea nam. Quam atque ipsa ut voluptates maiores ullam, velit hic obcaecati quia corrupti ex iste nisi necessitatibus quam doloribus. Aspernatur esse iusto accusamus cupiditate a?"}}, {"model": "api.companyfeed", "pk": 141, "fields": {"company": 11, "name": "Amet sit eum vitae excepturi cum dolorem pariatur, excepturi aliquid molestias odit libero, minima doloribus qui expedita neque nesciunt laborum dignissimos evenie", "photo": "_autofixture/200x300_482.png", "feed": "Sapiente tempora harum at facilis sed odit, asperiores facere illum aliquid, numquam tenetur culpa voluptate obcaecati natus sunt cum explicabo dicta exercitationem, autem quasi placeat aspernatur dolor necessitatibus quibusdam fugiat quo, cumque repellat voluptate similique rerum tempora. Odit in nulla, amet dolorum sed ab nesciunt, culpa iste qui recusandae commodi beatae a saepe numquam sed, harum beatae aliquam facilis nesciunt aliquid. Quia ab neque dolore id veniam?"}}, {"model": "api.companyfeed", "pk": 142, "fields": {"company": 21, "name": "Soluta accusantium consectetur eaque doloribus, quod exercitationem ducimus tempore corporis? Sapiente laboriosam aut beatae quibusdam sit repudiandae sunt? Porro sint non e", "photo": "_autofixture/200x300_483.png", "feed": "Velit ex dignissimos quidem nemo expedita labore nobis nostrum. Mollitia obcaecati provident maiores minus, id impedit aliquid deleniti consectetur voluptatibus esse, aspernatur magnam officiis maiores, voluptate dolores ad adipisci qui repellat sit quam facilis? Repellat eum itaque ex corrupti facilis tempore quaerat cup"}}, {"model": "api.companyfeed", "pk": 143, "fields": {"company": 21, "name": "Nemo esse omnis totam, debitis quibusdam id doloremque temporibus odio reiciendis, ea tempora delectus non. Pariatur aliquam blanditiis laboriosam doloribus atque minus commodi, veritatis", "photo": "_autofixture/400x600_572.png", "feed": "Rerum cum dicta doloribus sint porro explicabo impedit, quae reiciendis ad voluptates adipisci illo, voluptates et itaque dolore adipisci? Sunt sed beatae eos, nihil consequuntur suscipit fugiat nobis dignissimos illo totam sit? Ducimus earum in corporis."}}, {"model": "api.companyfeed", "pk": 144, "fields": {"company": 13, "name": "Similique distinctio et numquam vero mollitia", "photo": "_autofixture/100x100_478.png", "feed": "At consectetur esse impedit dolor eaque nostrum totam maxime ullam architecto, sint minus non. Vitae fugit similique optio pariatur fugiat necessitatibus reprehenderit sed eum delectus, doloribus in a fugiat voluptas, eum magni praesentium sit possimus repellat repudiandae exercitationem dicta alias animi? Neque sint placeat, recusandae accusamus quos numquam veniam quam, ratione tenetur distinctio nam enim cupiditate, modi recusandae quis veniam nemo iure."}}, {"model": "api.companyfeed", "pk": 145, "fields": {"company": 21, "name": "Officiis sequi dolores ipsam consequuntur aperiam, deserunt omnis temporibus debitis, quis excepturi hic voluptatibus vel, sint fugiat eligendi. Porro perspiciatis unde sunt", "photo": "_autofixture/200x300_484.png", "feed": "Velit excepturi ut optio aut, aut excepturi voluptate perferendis eligendi debitis impedit et officia, temporibus necessitatibus omnis id aperiam repellendus, ad exercitationem laborum temporibus. Culpa ratione deleniti vero nobis tenetur illo delectus temporibus, vitae dicta debitis nihil veritatis adipisci provident quidem sequi. Quisquam sequi ut quia ipsam expedita alias unde hic excepturi rerum, tempore assumenda quae quam asperiores, debitis voluptatem eveniet impedit explicabo quam quidem excepturi laudantium, labore similique ipsam non illum sequi, deserunt illo numquam similique."}}, {"model": "api.companyfeed", "pk": 146, "fields": {"company": 11, "name": "Sequi possimus veniam iste consequuntur delectus tenetur. Iure fugiat nostrum aperiam sint unde perferendis magni quas repellat voluptas officiis, omn", "photo": "_autofixture/100x100_479.png", "feed": "Ea ex fugit consequuntur esse neque fugiat perferendis nam enim vitae, omnis hic iure corporis quisquam beatae possimus in qu"}}, {"model": "api.companyfeed", "pk": 147, "fields": {"company": 16, "name": "Porro praesentium doloribus, quod dicta distinctio recusandae quasi id repellat itaque ear", "photo": "_autofixture/200x300_485.png", "feed": "Et dicta culpa in cum assumenda enim beatae atque? Nisi debitis reiciendis aliquid labore beatae nemo delectus. Porro repellendus voluptas, quod maiores est provident, labore quaerat dignissimos iure quis fuga, saepe commodi incidunt maiores molestias architecto quae, vel libero quia?"}}, {"model": "api.companyfeed", "pk": 148, "fields": {"company": 20, "name": "Facilis repellendus eveni", "photo": "_autofixture/100x100_480.png", "feed": "Accusamus repudiandae soluta ducimus, dignissimos odio ea sequi autem. Architecto quisquam sit deleniti saepe ullam obcaecati. Voluptate ab ullam alias commodi velit magnam, natus quasi quidem unde sequi consequuntur possimus, ipsa provident nihil laudantium beatae nobis illo corporis quam odio quis?"}}, {"model": "api.companyfeed", "pk": 149, "fields": {"company": 14, "name": "Molestias nemo omnis harum. Explicabo voluptatum sed est similique esse unde laudantium facilis? Autem impedit inventore v", "photo": "_autofixture/400x600_573.png", "feed": "Fuga ab vero ullam veniam voluptas recusandae eaque et deleniti, dolorem sint perferendis numquam dolore voluptatem a maxime repellat vero rem? Velit quam eligendi, voluptate delectus sapiente obcaecati unde iusto eveniet, sit asperiores magnam ipsa libero repellendus laboriosam id, magni dolorum unde hic aut assumenda sapiente aspernatur sint officia? Inventore ipsa quae similique neque odit facere, a totam saepe corporis qui perspiciatis et eum obcaecati laboriosam ullam beatae, molestias optio accusantium eum?"}}, {"model": "api.companyfeed", "pk": 150, "fields": {"company": 12, "name": "Quod dolorem deleniti facilis provident eveniet, minima nostrum dolores nulla omnis suscipit iusto modi placeat saepe obcaecati blanditiis, inventore architecto sapiente quisquam expedita placeat ita", "photo": "_autofixture/200x300_486.png", "feed": "Amet hic minima minus magnam quis deserunt assumenda? Rem delectus minus quos libero sequi sed quis quaerat neque sint? Deserunt rem exercitationem ducimus enim sed quas tempora quae totam sequi id, iure reprehenderit magni dolore eius, quia fugiat accusantium libero provident earum similique a minima, labore id enim pariatur est autem minus eaque."}}, {"model": "api.companyfeed", "pk": 151, "fields": {"company": 20, "name": "Rem vitae sed repellendus et veritatis repudiandae vero animi tenetur. Aut recusandae doloremque excepturi et corporis magnam", "photo": "_autofixture/100x100_481.png", "feed": "Molestiae beatae laudantium corporis alias eaque adipisci repellendus rem debitis ratione. Ab laborum labore, odio dolore maxime voluptate. Autem sequi optio deleniti iure maiores cum vitae ad id dicta, vero rerum dolore doloribus odit necessitatibus, adipisci minus exercitat"}}, {"model": "api.companyfeed", "pk": 152, "fields": {"company": 22, "name": "Ullam quaerat vitae, architecto ea distinctio dicta natus labore iusto pro", "photo": "_autofixture/200x300_487.png", "feed": "Labore quae deserunt suscipit dicta qui vitae veritatis rem quod quas nam, pariatur necessitatibus a architecto facere eos fugit aliquam. Ad architecto blanditiis, quas voluptas quidem, ipsam alias nobis non beatae. Itaque libero iste rem, vel illum omnis nulla delectus ratione odio corporis nesciunt, totam iure voluptatem perspiciatis fugiat?"}}, {"model": "api.companyfeed", "pk": 153, "fields": {"company": 15, "name": "Incidunt rem voluptatem inventore culpa odit quasi quia eum corrupti, exercitationem ve", "photo": "_autofixture/400x600_574.png", "feed": "Adipisci perferendis consectetur ducimus dolores. Repellendus tempore ipsam, deleniti quasi nemo sit autem doloremque sint? Animi alias explicabo iusto, laboriosam nihil voluptates dolorem opt"}}, {"model": "api.companyfeed", "pk": 154, "fields": {"company": 22, "name": "Inventore repudiandae dicta ad cum totam at suscipit excepturi ea, cum eligendi vel. Tempore voluptate", "photo": "_autofixture/200x300_488.png", "feed": "Quasi quisquam dolorem accusamus earum cupiditate. Fuga esse illum ea, labore ipsum fuga adipisci ea voluptas unde dolores accusamus aut quia. Deleniti nihil dolores quam labore dolorem excepturi."}}, {"model": "api.companyfeed", "pk": 155, "fields": {"company": 18, "name": "Commodi doloremque officiis consectetur sapiente at itaque dicta quas fugit dolorem, nam minima officiis nulla voluptatum dicta vel accusantium aliquam rerum? Harum consectetur neque", "photo": "_autofixture/400x600_575.png", "feed": "Ea ipsam excepturi nisi nobis repudiandae iure repellat deserunt nostrum porro, deleniti quibusdam et iusto nihil voluptas illo modi sapiente rerum, laudantium veritatis ipsam eveniet natus ratione placeat non. Esse quis repudiandae dolorem ab modi nihil at atque id, quo ratione animi, dolorem nihil incidunt expedita. Sit maxime nemo id libero"}}, {"model": "api.companyfeed", "pk": 156, "fields": {"company": 16, "name": "Iure sunt labore nostrum voluptatem doloribus eum earum voluptas v", "photo": "_autofixture/200x300_489.png", "feed": "Similique cumque magnam, voluptatem cumque assumenda iusto, hic excepturi deserunt. Cupiditate ratione ut nisi quasi rem laudantium, omnis necessitatibus sunt dicta aspernatur sit voluptates qui labore quae, expedita sint ipsa minus magni et necessitatibus quia nam nesciunt fugiat. Voluptatibus veritatis cumque exercitationem vero eaque architecto aut eius ducimus nam, magni enim repellendus, delectus obcaecati incidun"}}, {"model": "api.companyfeed", "pk": 157, "fields": {"company": 20, "name": "Molestiae magnam animi ipsum consequatur, voluptatem temporibus dolores sint perspiciatis totam libero tempore, cupiditate nostrum unde numquam? Dolore", "photo": "_autofixture/100x100_482.png", "feed": "Dicta recusandae aliquid maxime placeat ipsam molestias magnam, laborum minima labore accusantium magni eveniet corrupti non dicta. Architecto consequuntur aliquid dolorum cumque quae totam magnam, natus omnis ab saepe totam praesentium deleniti suscipit accusantium est,"}}, {"model": "api.companyfeed", "pk": 158, "fields": {"company": 13, "name": "Impedit ex id sit neque explicabo pariatur expedita et, neque voluptatibus", "photo": "_autofixture/100x100_483.png", "feed": "Optio voluptatibus quis minima pariatur. Assumenda veniam at placeat, aspernatur soluta magnam nesciunt optio impedit? Optio eveniet illo aperiam ab aliquid esse, molestiae nihil earum eius culpa, dolores labore adipisci, sint eaque cum neque, quam neque tempore molestias ab accusamus odit nihil deleniti."}}, {"model": "api.companyfeed", "pk": 159, "fields": {"company": 16, "name": "Obcaecati praesentium voluptatem nesciunt qui, natus nemo nisi", "photo": "_autofixture/100x100_484.png", "feed": "Debitis quaerat quae aut dignissimos ea eos, assumenda molestiae aliquam ipsum, minus obcaecati ullam vero nulla placeat. Exercitationem voluptatem quae placeat corrupti harum recusandae aut. Quos ad inventore illum quo earum, aut excepturi expedita fuga qui fugiat animi, facere quo quos cupiditate fuga, porro et ad illo dolorem quidem magni voluptatum sed aut tenetur, illo dolorum accusamus?"}}, {"model": "api.companyfeed", "pk": 160, "fields": {"company": 16, "name": "Perferendis reprehenderit deserunt sunt quaerat dolorem labore odio accusamus, voluptatum sapie", "photo": "_autofixture/100x100_485.png", "feed": "Delectus ipsa vitae modi at maxime, omnis tempora corrupti quaerat porro ipsa modi provident commodi fugiat consequuntur, cupiditate amet illo dolorem soluta vel non nesciunt inventore mollitia at natus? Reiciendis maiores est dolorem recusandae modi tempora expedita similique et, facilis necessitatibus nostrum culpa similique esse exercitationem vitae sunt rerum ipsa eligendi. Harum saepe nemo inventore corrupti illo, minima ullam fugit perspiciatis neque, facere tempora iure fugit aliquam sequi ipsam nulla fuga ut vero magni, maiores perferendis asperiores cumque?"}}, {"model": "api.companyfeed", "pk": 161, "fields": {"company": 14, "name": "Nisi doloribus iusto tempora animi, ex quia suscipit sint magni saepe mollitia, mollitia sim", "photo": "_autofixture/100x100_486.png", "feed": "Error sunt incidunt fuga ipsum fugit aut harum dolorum sint non, pariatur error quos commodi veritatis porro mollitia dolore, similique quo accusantium obcaecati. Quisquam ut error neque sunt, provident dolorem at libero ullam, modi quasi cumque deserunt nisi delectus rem accus"}}, {"model": "api.companyfeed", "pk": 162, "fields": {"company": 23, "name": "Eos quasi vitae tempore unde magni iure? Dolores ratione fuga neque ut sint tenetur quia rep", "photo": "_autofixture/100x100_487.png", "feed": "Perspiciatis fugiat dolores odio voluptatibus recusandae quae placeat, aspernatur reprehenderit cumque, molestiae sapiente enim laboriosam vitae doloremque vel facere iste? Sint quam quae a consequuntur tenetur laborum delectus labore, facilis aut mollitia quis est nam rerum? Non quam ipsam adipisci officia nihil explicabo fugiat, deserunt distinctio explicabo numquam eius facere enim ipsam temporibus alias at, dolores animi eum nemo eos, provident doloribus deserunt odit omnis totam?"}}, {"model": "api.companyfeed", "pk": 163, "fields": {"company": 19, "name": "Repellat vel officia illo perferendis. Incidunt tenetur libero necessitatibus ullam, laudantium excepturi eveniet voluptate ratione molestiae perferendis. Dolor", "photo": "_autofixture/100x100_488.png", "feed": "Id praesentium maiores veritatis delectus tenetur reiciendis mollitia quae, explicabo dolorum nihil suscipit facere nobis expedita, nisi magnam laborum assumenda quod blanditiis unde eius voluptatum officiis ad reiciendis, voluptatem quia repellendus commodi consectetur eius dolorum blanditiis nihil quaerat ut. Molestias animi consectetur in cupiditate inventore rerum similique consequuntur tempore illum unde, debitis aperiam odio doloribus consequuntur"}}, {"model": "api.companyfeed", "pk": 164, "fields": {"company": 16, "name": "Dolor praesentium omnis magni doloribus, animi veritatis quam? Fugiat eius quae enim cumque culpa eveniet dolores eaque volup", "photo": "_autofixture/200x300_490.png", "feed": "Expedita animi harum hic aperiam eveniet ab accusamus dolore molestiae, rerum veniam ratione ipsam deleniti error reprehenderit fugiat quas saepe? Consequatur asperiores iste saepe in dignissimos, tempore eos nostrum modi quos ea placeat iste suscipit. Necessitatibus porro tenetur corrupti mollitia vel provident nam rem iusto."}}, {"model": "api.companyfeed", "pk": 165, "fields": {"company": 18, "name": "Dolor sit sed rerum, quia facilis eveniet suscipit velit rerum incidunt, quis volupt", "photo": "_autofixture/400x600_576.png", "feed": "Labore nemo fugit distinctio? Ratione nihil est consequuntur sit debitis, repellendus officia nisi laboriosam possimus obcaecati animi praesentium. Repellendus recusandae sapiente animi, illum similique natus impedit iure eius repellendus possimus cumque, animi quisquam unde nulla rerum."}}, {"model": "api.companyfeed", "pk": 166, "fields": {"company": 19, "name": "Ea illo nisi, nisi optio iusto qui eveniet quia, vol", "photo": "_autofixture/400x600_577.png", "feed": "Reiciendis inventore ex et placeat exercitationem quas iste? Animi quo odit esse quod debitis? Omnis ullam nisi tempore veniam, natus consequuntur ipsam amet magnam provident, minus numquam vitae adipisci impedit voluptate hic fuga corporis exercitationem unde eligendi."}}, {"model": "api.companyfeed", "pk": 167, "fields": {"company": 17, "name": "Nam illo assumenda explicabo repellat rerum quae molestias excepturi repudiandae, tenetur veniam quibusdam unde iste nemo soluta nisi porro, ducimus di", "photo": "_autofixture/100x100_489.png", "feed": "Vel rerum sint. Harum numquam inventore corporis voluptatibus, quidem dignissimos eos nobis sapiente consequatur, distinct"}}, {"model": "api.companyfeed", "pk": 168, "fields": {"company": 20, "name": "Eveniet omnis consequatur iste corporis sint doloribus ex veniam sequi quaerat bl", "photo": "_autofixture/100x100_490.png", "feed": "Nesciunt amet sequi maxime explicabo commodi non laboriosam fugiat dolorem exercitationem, eum itaque ipsa aliquid sit iusto corporis sunt accusantium. Itaque magnam blanditiis culpa inventore nulla harum odio sint aspernatur exercitationem fugiat, nulla necessitatibus iusto voluptates facilis voluptas error eaque neque voluptate, voluptatem deserunt velit amet. Eum natus at deleniti ratione perferendis sunt sit minima nam eveniet, at ducimus similique illo nihil praesentium odio?"}}, {"model": "api.companyfeed", "pk": 169, "fields": {"company": 22, "name": "Ratione accusamus asperiores dolore aut sint. Illo voluptatem dolore numquam sit illum iste harum reiciendis, possimus consequat", "photo": "_autofixture/100x100_491.png", "feed": "Reiciendis consequuntur perspiciatis ipsa odio corrupti sit blanditiis itaque, eveniet veniam itaque officia exercitationem earum veritatis tempore, dolorum rerum incidunt, dolorum distinctio natus deserunt explicabo. Adipisci placeat ea labore, excepturi exercitationem alias repudiandae officiis repellat voluptatem ducimus aliquam natus ea, qui necessitatibus facilis consectetur incidunt ipsam? Eum ducimus nesciunt inventore corrupti quo, quisquam vero asperiores odio ducimus repellat modi aut laborum accusamus tempore?"}}, {"model": "api.companyfeed", "pk": 170, "fields": {"company": 15, "name": "Accusamus veniam dolores possimus ullam quae explicabo nesciunt ipsum maxime reiciendis, al", "photo": "_autofixture/400x600_578.png", "feed": "Consequuntur dicta eum repudiandae ea ullam corrupti labore quas, nisi quis consequatur impedit nihil laborum quae reiciendis voluptatum placeat, asperiores totam alias animi aliquam quia, natus nihil adipisci odit ipsum quia quasi a distinctio saepe cum eveniet, ea cupiditate doloribus quaerat distinctio molestiae voluptate nesciunt quidem deleniti. Quibusdam excepturi soluta dolores corporis libero atque dolorum tempora illum veli"}}, {"model": "api.companyfeed", "pk": 171, "fields": {"company": 20, "name": "Expedita doloribus alias quas consectetur cumque repellendus, dolor atque alias nobis dolores cum", "photo": "_autofixture/100x100_492.png", "feed": "Et modi labore expedita provident necessitatibus maxime quibusdam debitis temporibus numquam nihil? Dolor natus eius iure laboriosam impedit error non, suscipit adipisci quis doloribus ad iusto soluta. Facere et quas voluptatem distinctio alias, libero doloremque quod illo omnis?"}}, {"model": "api.companyfeed", "pk": 172, "fields": {"company": 23, "name": "Quidem nesciunt amet necessitatibus vel error repudiandae similique nihil odio corporis. Ducimus sint nihil dolores, omnis voluptatem dolorem sapiente excepturi sunt, fugiat minus repe", "photo": "_autofixture/400x600_579.png", "feed": "Veniam quos alias cum ea saepe nam culpa recusandae, aut consectetur repellat a unde, excepturi delectus ipsa sequi dolorum inventore provident, perferendis officia asperiores provident maiores ex totam ad? Earum aspernatur assumenda quidem amet similique, delectus ea sint? Alias ex iusto id cupiditate officia?"}}, {"model": "api.companyfeed", "pk": 173, "fields": {"company": 21, "name": "Odit doloribus officiis officia quis vitae nihil corrupti minima molestias voluptati", "photo": "_autofixture/400x600_580.png", "feed": "Eos veniam necessitatibus nisi perferendis dicta sapiente ipsum minus harum, temporibus maiores adipisci, q"}}, {"model": "api.companyfeed", "pk": 174, "fields": {"company": 16, "name": "Aut deleniti incidunt veritatis odit suscipit quod nobis, hic inventore numquam ullam quam vero corporis, nam accusamus praesentium et rerum? Reprehenderit voluptatibus quos ut optio anim", "photo": "_autofixture/400x600_581.png", "feed": "Amet quis earum illo explicabo quam porro nostrum ipsum, minus rem repellat earum porro, minima quas adipisci accusantium sed vel. Impedit unde cumque provident qui iure, explicabo pariatur omnis officia minima, nemo neque repellendus sint quos facere, facere voluptates fugiat culpa hic. Amet ipsum nostrum vel facere est similique dolores sequi?"}}, {"model": "api.companyfeed", "pk": 175, "fields": {"company": 22, "name": "Nesciunt dolorem dignissi", "photo": "_autofixture/200x300_491.png", "feed": "Qui dolorem sit quaerat repellendus at quam omnis, neque at rerum voluptatum autem quia incidunt fugiat itaque distinctio. Id ducimus est tempore, reprehenderit possimus maiores ratione enim inventore mollitia eaque natus aut beatae laboriosam, recusandae error culpa placeat, quaerat voluptatibus officia nihil delectus porro eligendi. Necessitatibus laboriosam tempora facilis, facilis sunt deserunt."}}, {"model": "api.companyfeed", "pk": 176, "fields": {"company": 24, "name": "Fugiat dolor itaque accusantium perspiciatis doloremque iusto enim assumenda autem, qui sunt porro ullam libero? Adipisci a accusa", "photo": "_autofixture/200x300_492.png", "feed": "Laboriosam recusandae odio? Adipisci cumque quis iusto obcaecati minus, blanditiis animi dolorum sapiente temporibus, corporis deleniti rem, corrupti eveniet veritatis ducimus assumenda sapiente alias magnam facilis, optio cumque quae repellat at. Similique tempor"}}, {"model": "api.companyfeed", "pk": 177, "fields": {"company": 15, "name": "Aliquid vero minus esse saepe soluta, officia reiciendis vero maiores repellat autem labore odio dignissimos eius, maiores alias dolor aspernatur libero corrupti hic, quas", "photo": "_autofixture/400x600_582.png", "feed": "Rem officia deleniti eveniet laudantium nostrum error, animi recusandae eaque iure est obcaecati, neque corporis officia, perferendis voluptates d"}}, {"model": "api.companyfeed", "pk": 178, "fields": {"company": 11, "name": "Aliquam officia totam omnis doloremque laboriosam repellat ea odit eos est, culpa voluptas in voluptatibus praesentium saepe provident repudiandae quibusdam q", "photo": "_autofixture/100x100_493.png", "feed": "Dolorem sunt veritatis modi dolorum rem sit excepturi maxime aut, quia rerum qui nihil laboriosam, atque voluptatum officiis doloribus harum rerum officia repellendus reprehenderit facilis at, nostrum cumque doloribus id eius, vitae quidem iusto non excepturi soluta? Magni quibusdam dolorum odit repellat voluptatem magnam ipsa amet dolores soluta, quaerat tenetur perspiciatis sint incidunt asperiores ipsum exercitationem quas nihi"}}, {"model": "api.companyfeed", "pk": 179, "fields": {"company": 17, "name": "Vel maxime culpa velit accusamus dolore delectus modi rerum voluptatibus quisquam quam, repudiandae dolore obcaeca", "photo": "_autofixture/400x600_583.png", "feed": "Itaque explicabo quam dicta dolor harum? Explicabo incidunt sunt pariatur iusto expedita possimus cum error non, laborum corporis accusantium doloremque eligendi atque alias nostrum. Ipsa natus doloremque nulla animi aut similique odit accusantium amet eum, molestiae facere ab asperiores facilis aliquid odit temporibus?"}}, {"model": "api.companyfeed", "pk": 180, "fields": {"company": 14, "name": "Ab illum libero itaque consectetur odio accusantium dolor rerum suscipit, molestiae quae quod nisi modi ipsam pariatur a officiis nam sunt? Ratione nobis minima error maiores, impedit accus", "photo": "_autofixture/200x300_493.png", "feed": "Rem perspiciatis quaerat culpa reprehenderit excepturi sapiente, at necessitatibus consequatur recusandae fugiat pariatur amet consectetur, qui dolorum maxime numquam laborum eius expedita dolores temporibus quas poss"}}, {"model": "api.companyfeed", "pk": 181, "fields": {"company": 22, "name": "Officiis assumenda neque deleniti voluptates d", "photo": "_autofixture/200x300_494.png", "feed": "Animi nihil eveniet accusamus consequuntur cum facilis, tempore laboriosam explicabo labore aspernatur voluptate mollitia ducimus suscipit unde assumenda eaque, suscipit voluptate nisi laboriosam, incidunt doloribus molestias voluptates laboriosam temporibus minus ad corporis, a cumque optio incidunt dolorum facere omnis tenetur? Aperiam natus eveniet magni placeat veritatis amet des"}}, {"model": "api.companyfeed", "pk": 182, "fields": {"company": 18, "name": "Soluta obcaecati totam quia provident veniam recusandae temporibus, iure possimus eaque ad aspernatur distinctio ipsum enim et nulla magn", "photo": "_autofixture/100x100_494.png", "feed": "Magnam iure impedit voluptates illo eligendi deserunt et consectetur maxime repudiandae omnis? Iusto consectetur in cumque maiores eligendi assumenda rerum perspiciatis exercitationem, voluptatum porro ducimus cumque blanditiis minima? Sequi ipsa veritatis hic officia aliquam, dolore nam in laborum deserunt illo?"}}, {"model": "api.companyfeed", "pk": 183, "fields": {"company": 14, "name": "Veritatis sunt perspiciatis asperiores odit molestiae eos quam suscipit perferendis ut quisquam, maxime nihil nam magnam praesentium, impedit mollitia de", "photo": "_autofixture/400x600_584.png", "feed": "Ipsum porro atque officia architecto amet ab maxime nostrum quas harum, vitae dolores similique, laboriosam aperiam et accusantium deserunt, voluptates voluptatem impedit debitis? Cumque iusto officia eligendi ex eveniet fugiat itaque tempore in, facilis autem natus recusandae earum. Quaerat quis nemo hic velit quo enim qui earum nesciunt, necessitatibus fugiat voluptates earum quae nobis aliquam, corporis soluta ex assumenda numquam explicabo porro molestias aliquid incidunt laudantium, harum culpa quaerat nihil, perspiciatis quia maiores?"}}, {"model": "api.companyfeed", "pk": 184, "fields": {"company": 19, "name": "Vitae vel animi ipsum omnis ipsa, aut omnis ea alias voluptas repellendus minima nulla et", "photo": "_autofixture/200x300_495.png", "feed": "Atque deserunt modi illo nihil, ipsum quo amet laboriosam reiciendis saepe blanditiis eaque consectetur, rem sed reiciendis ut unde distinctio illo tempore? Quibusdam accusantium excepturi, non animi eum quaerat corrupti sed maiores amet ullam quidem, inventore corrupti nam delectus, omnis atque maxime voluptatibus nam esse praesentium harum excepturi asperiores doloribus, quod porro vel sunt nam tempora tenetur reprehenderit ass"}}, {"model": "api.companyfeed", "pk": 185, "fields": {"company": 12, "name": "Eos facilis voluptatum dolori", "photo": "_autofixture/100x100_495.png", "feed": "Cumque blanditiis saepe et quasi dolore quod? Laboriosam iure porro dolorum suscipit culpa aspernatur, animi maxime voluptate sunt, doloribus tempora eos expedita porro qui animi, tempore adipisci deleniti nihil? Nobis omnis laboriosam fugiat porro corrupti eveniet tenetur est mollitia modi consectetur, expedita adipisci suscipit ipsam quod, sint iusto officia numquam voluptatem asperiores eos accusantium adipisci."}}, {"model": "api.companyfeed", "pk": 186, "fields": {"company": 24, "name": "Dolorum accusantium dignissimos esse saepe at aperiam excepturi quia alias, magnam nulla similique, sed deserunt eius dicta obcae", "photo": "_autofixture/200x300_496.png", "feed": "Aliquid sed magni. Quibusdam delectus animi voluptatum voluptatibus velit quod eveniet, nostrum ad nulla iste voluptatibus, unde p"}}, {"model": "api.companyfeed", "pk": 187, "fields": {"company": 17, "name": "In minima at soluta asperiores tenetur amet illo", "photo": "_autofixture/100x100_496.png", "feed": "Consectetur porro nemo fuga magnam, laboriosam voluptatum pariatur rerum error mollitia libero itaque accusantium animi dignissimos similique, dolores cumque sint incidunt nam magni? Nemo eum aliquid ipsum tenetur officiis accusantium ducimus aliquam sint, in illo quisquam esse deleniti dicta adipisci sit alias harum obcaecati, quos recusandae sint praesentium fuga provident autem nam totam maiores, dolores dicta consequatur perspiciatis nesciunt delectus, commodi asperiores molestias odit voluptate voluptas eaque voluptates cumque incidunt? Est ad tenetur laboriosam quaerat quasi dicta consequatur."}}, {"model": "api.companyfeed", "pk": 188, "fields": {"company": 23, "name": "Culpa delectus impedit accusantium nemo. Facere modi pariatur ab nulla vel, laboriosam a sunt a", "photo": "_autofixture/100x100_497.png", "feed": "Assumenda error esse totam quae quisquam doloremque corporis culpa exercitationem odio, soluta animi commodi aspernatur deleniti perspiciatis accusantium corporis praesentium dolorib"}}, {"model": "api.companyfeed", "pk": 189, "fields": {"company": 12, "name": "Quidem voluptatem ab inventore accusantium repellat, iure cum nostrum consequuntur magnam omnis tempora vel in nemo debitis? Dolores itaque perspiciatis ut aut ipsa, harum tempor", "photo": "_autofixture/400x600_585.png", "feed": "Minima ut recusandae iste, illo ducimus ad dignissimos modi, voluptas nisi ea pariatur quam suscipit tempore architecto, aliquam repudiandae numquam ducimus earum adipisci, porro ea magni enim amet. Placeat est sapiente quis vitae, quibusdam cupiditate minima dicta, reprehenderit vero placeat doloremque, earum est magni maiores dolorem nostrum. Distinctio asperiores odio blanditiis fugit dolorem alias, ab exercitationem culpa est hic nulla beatae, sed fugiat aspe"}}, {"model": "api.companyfeed", "pk": 190, "fields": {"company": 13, "name": "Facere vel totam, enim fugit autem quos corporis beatae, laboriosam dolores cumque architecto fugit aspernatur libero u", "photo": "_autofixture/100x100_498.png", "feed": "Quos dolores quod adipisci vel dolorem modi, eveniet id eius, excepturi itaque ut consequuntur quidem deleniti non hic pariatur quas? Perspiciatis impedit laboriosam quo eveniet fuga, deleniti officia dolorem architecto suscipit eius quo illum consequatur repellat, suscipit eaque laudantium facere reprehenderit maxime. Ab fugiat unde dolore veritatis temporibus laboriosam accusamus optio officiis, ea reprehenderit doloribus consequuntur sunt impedit explicabo quos"}}, {"model": "api.companyfeed", "pk": 191, "fields": {"company": 23, "name": "Reprehenderit ab ducimus fuga sed blanditiis recusandae iure modi amet volupt", "photo": "_autofixture/100x100_499.png", "feed": "Tenetur voluptas unde quidem, placeat at veniam repudiandae dolor cum? Vitae corrupti quos accusamus nostrum harum ad totam pariatur laborum, ut tempore illo animi ab cum error, sequi aut ut sed. Cum suscipit debitis porro, minima alias fuga nisi pariatur, odit suscipit officia corporis sapiente explicabo voluptate reiciendis, soluta aperiam quam consequatur omnis suscipit veritatis assumenda distinctio ipsa, quis dolor incidunt sit nam minus cupiditate fuga laborum voluptatum."}}, {"model": "api.companyfeed", "pk": 192, "fields": {"company": 21, "name": "Blanditiis suscipit similique ad, ab nihil sed saepe omnis quis sequi assumenda, fugiat iste facilis molestias eius, enim laudantium illo?", "photo": "_autofixture/200x300_497.png", "feed": "Vitae consectetur totam, unde at culpa harum ad, quia adipisci itaque eligendi quo obcaecati cum ab. Vel laboriosam et reprehenderit vitae nisi totam obcaecati quo debitis ullam soluta? Sint at dolores, velit error recusandae eaque corrupti excepturi totam molestiae quis natus exercitationem vitae, minima esse aliquam veniam est ea placeat nulla magni soluta porro?"}}, {"model": "api.companyfeed", "pk": 193, "fields": {"company": 11, "name": "Nam delectus quidem cum praesentium aperiam optio magni doloribus deserunt dolores omnis, ipsam reiciendis ten", "photo": "_autofixture/200x300_498.png", "feed": "Nisi et atque quis iste iusto nostrum, officiis maiores rerum. Optio voluptates debitis sed veniam nihil? Voluptas cumque qui eaque quod, libero aspernatur asperiores impedit tenetur deserunt excepturi sit reiciendis aliquam facilis cum, minus magnam nam cumque optio delectus aliquid adipisci voluptates m"}}, {"model": "api.companyfeed", "pk": 194, "fields": {"company": 11, "name": "Tempora porro possimus aliquam ipsam commodi, laudantium magnam ipsa atque aperiam voluptatum non rerum, rem laborum voluptate cum aspernatur repellendus a, aperiam aut qui omnis voluptates", "photo": "_autofixture/200x300_499.png", "feed": "Quos repellendus adipisci nisi ducimus molestiae. Sequi unde incidunt provident, esse at harum sapiente ut fugiat nemo delectus quas, quam commodi esse excepturi doloremque voluptates. Vitae culpa sint voluptate beatae quisquam magnam hic ipsum nobis repellat, mollitia reiciendis hic obcaecati similique nulla iure eum odio aspernatur, cumque consequuntur hic eveniet soluta ipsum eos sapiente recusandae, soluta ullam dolorum porro libero, distinctio facilis adipisci?"}}, {"model": "api.companyfeed", "pk": 195, "fields": {"company": 16, "name": "Ipsa reiciendis deleniti aliquam hic. Rem nobis dolores qui ullam harum delectus, mollitia doloribus ratione nobi", "photo": "_autofixture/200x300_500.png", "feed": "Quidem repellat quae autem culpa consectetur quas laboriosam temporibus non ab, rerum dolorum placeat, id rem enim eum soluta nobis repellat ipsum mollitia, pariatur unde id corporis nesciunt tenetur quia placeat optio dolores. Nemo earum blanditiis maxime ipsa distinctio consequatur? Quia aliquid quos officiis vel numquam necessitatibus iste aut."}}, {"model": "api.companyfeed", "pk": 196, "fields": {"company": 12, "name": "Necessitatibus numquam vero, sed tempore quaerat et facer", "photo": "_autofixture/200x300_501.png", "feed": "Itaque eaque temporibus non eum, mollitia nesciunt illo impedit nihil accusamus iusto voluptate quas similique sed except"}}, {"model": "api.companyfeed", "pk": 197, "fields": {"company": 15, "name": "Sunt odit at debitis voluptate, expedita temporibus dolores suscipit voluptas natus voluptatibus assumenda quia, enim accusamus non omnis eveniet optio, vitae tempo", "photo": "_autofixture/400x600_586.png", "feed": "Suscipit repellendus nam provident. Assumenda pariatur aspernatur, itaque nulla ab molestias nemo voluptas voluptatem nesciunt facere perspiciatis pariatur, fuga atque facere incidunt ab repellendus? Vero consequatur laborum maxime quos impedit natus iste reprehenderit consequuntur a eaque, quaerat optio ipsam dolores quasi, sapiente est consectetur sunt eveniet consequuntur neque consequatur eius deserunt mollitia, dolor sequi dicta, quae officia culpa?"}}, {"model": "api.companyfeed", "pk": 198, "fields": {"company": 19, "name": "Placeat odit maxime eum iure quas facilis, illo minima quae architecto doloribus ut magnam? Totam earum ill", "photo": "_autofixture/100x100_500.png", "feed": "Repellat placeat a enim omnis earum eaque quis totam, dignissimos temporibus consequuntur soluta at cupiditate dicta voluptatem nulla, voluptatem animi nemo repellendus corporis sunt sapiente, minima quisquam aspernatur itaque, tempora consequatur numquam magni quisquam. Itaque iste praesentium quam accusamus assumenda possimus unde laborum ipsa dolore atque, numquam perspiciatis iure a, nobis pariatur quae aliquid fuga nostrum obcaecati accusantium in, earum eligendi eos aut iste optio, quidem qui velit quia temporibus fugiat architecto. Harum labo"}}, {"model": "api.companyfeed", "pk": 199, "fields": {"company": 22, "name": "Consectetur quos sint,", "photo": "_autofixture/200x300_502.png", "feed": "Voluptatum quod nihil asperiores corrupti minus placeat commodi omnis magnam. Temporibus voluptatum amet veniam nemo aliquid vel repudiandae aliquam tenetur aut placeat, nam explicabo quae facilis accusamus? Amet pariatur suscipit hic tempore, incidunt nam amet, minus voluptatum ipsum eos."}}, {"model": "api.companyfeed", "pk": 200, "fields": {"company": 18, "name": "Accusantium velit obcaecati quisquam adipisci corporis provident", "photo": "_autofixture/400x600_587.png", "feed": "Aliquam atque sunt porro, deleniti nulla labore consequatur, exercitationem asperiores officia, officia modi illo hic, blanditiis accusantium officiis cupiditate numqu"}}, {"model": "api.tourvariant", "pk": 101, "fields": {"tour": 14, "company": 13, "coast": 600, "difficulty": "EASY", "out_time": "2021-06-24T09:00:00Z", "back_time": "2021-06-24T21:00:00Z", "photographer": true, "date": "2021-06-24", "start_height": 1600, "max_height": 1700, "days_count": 1, "path_length_m": 4, "needed_items": "\u0412\u043e\u0434\u0443 \u0441 \u0440\u0430\u0441\u0441\u0447\u0435\u0442\u043e\u043c \u043d\u0430 \u043e\u0434\u0438\u043d \u0434\u0435\u043d\u044c, \u043e\u0431\u0443\u0442\u044c \u0445\u043e\u0440\u043e\u0448\u0443\u044e \u0442\u0440\u0435\u043a\u0438\u043d\u0433\u043e\u0432\u0443\u044e \u043e\u0431\u0443\u0432\u044c, \u0435\u0434\u0443, \u0441\u043e\u043b\u043d\u0446\u0435\u0437\u0430\u0449\u0438\u0442\u043d\u044b\u0435 \u043e\u0447\u043a\u0438", "is_active": false}}, {"model": "api.tourvariant", "pk": 102, "fields": {"tour": 11, "company": 13, "coast": 6000, "difficulty": "MIDDLE", "out_time": "2021-06-25T06:00:00Z", "back_time": "2021-06-27T16:00:00Z", "photographer": true, "date": "2021-06-25", "start_height": 1600, "max_height": 2200, "days_count": 3, "path_length_m": 18000, "needed_items": "\u0421 \u0441\u043e\u0431\u043e\u0439 \u043d\u0435\u043e\u0431\u0445\u043e\u0434\u0438\u043c\u043e \u0432\u0437\u044f\u0442\u044c \u0432\u043e\u0434\u0443, \u043e\u0431\u0443\u0442\u044c \u0445\u043e\u0440\u043e\u0448\u0443\u044e \u0442\u0440\u0435\u043a\u0438\u043d\u0433\u043e\u0432\u0443\u044e \u043e\u0431\u0443\u0432\u044c, \u0435\u0434\u0443, \u0441\u043e\u043b\u043d\u0446\u0435\u0437\u0430\u0449\u0438\u0442\u043d\u044b\u0435 \u043e\u0447\u043a\u0438, \u043a\u0440\u0435\u043c \u043e\u0442 \u0437\u0430\u0433\u0430\u0440\u0430", "is_active": false}}, {"model": "api.tourvariant", "pk": 103, "fields": {"tour": 12, "company": 13, "coast": 1000, "difficulty": "EASY", "out_time": "2021-06-25T09:00:00Z", "back_time": "2021-06-25T21:00:00Z", "photographer": true, "date": "2021-06-25", "start_height": 1100, "max_height": 1800, "days_count": 1, "path_length_m": 3000, "needed_items": "\u041f\u043e\u043b\u043e\u0442\u0435\u043d\u0446\u0430, \u043a\u0443\u043f\u0430\u043b\u044c\u043d\u0438\u043a, \u0441\u043e\u043b\u043d\u0446\u0435\u0437\u0430\u0449\u0438\u0442\u043d\u044b\u0435 \u043e\u0447\u043a\u0438, \u043a\u0440\u0435\u043c \u043e\u0442 \u0437\u0430\u0433\u0430\u0440\u0430", "is_active": false}}, {"model": "api.tourvariant", "pk": 104, "fields": {"tour": 13, "company": 13, "coast": 500, "difficulty": "EASY", "out_time": "2021-06-25T08:00:00Z", "back_time": "2021-06-25T21:00:00Z", "photographer": true, "date": "2021-06-25", "start_height": 1600, "max_height": 1800, "days_count": 1, "path_length_m": 3000, "needed_items": "\u0412\u043e\u0434\u0443 \u0441 \u0440\u0430\u0441\u0441\u0447\u0435\u0442\u043e\u043c \u043d\u0430 \u043e\u0434\u0438\u043d \u0434\u0435\u043d\u044c, \u043e\u0431\u0443\u0442\u044c \u0445\u043e\u0440\u043e\u0448\u0443\u044e \u0442\u0440\u0435\u043a\u0438\u043d\u0433\u043e\u0432\u0443\u044e \u043e\u0431\u0443\u0432\u044c, \u0435\u0434\u0443, \u0441\u043e\u043b\u043d\u0446\u0435\u0437\u0430\u0449\u0438\u0442\u043d\u044b\u0435 \u043e\u0447\u043a\u0438", "is_active": true}}, {"model": "api.tourvariant", "pk": 105, "fields": {"tour": 15, "company": 13, "coast": 3200, "difficulty": "MIDDLE", "out_time": "2021-06-26T06:00:00Z", "back_time": "2021-06-27T22:00:00Z", "photographer": true, "date": "2021-06-26", "start_height": 2000, "max_height": 2500, "days_count": 2, "path_length_m": 5000, "needed_items": "\u0412\u043e\u0434\u0443 \u0441 \u0440\u0430\u0441\u0441\u0447\u0435\u0442\u043e\u043c \u043d\u0430 \u043e\u0434\u0438\u043d \u0434\u0435\u043d\u044c, \u043e\u0431\u0443\u0442\u044c \u0445\u043e\u0440\u043e\u0448\u0443\u044e \u0442\u0440\u0435\u043a\u0438\u043d\u0433\u043e\u0432\u0443\u044e \u043e\u0431\u0443\u0432\u044c, \u0435\u0434\u0443, \u0441\u043e\u043b\u043d\u0446\u0435\u0437\u0430\u0449\u0438\u0442\u043d\u044b\u0435 \u043e\u0447\u043a\u0438, \u0434\u043e\u0436\u0434\u0435\u0432\u0438\u043a, \u0442\u0435\u043f\u043b\u0430\u044f \u043e\u0434\u0435\u0436\u0434\u0430", "is_active": false}}, {"model": "api.tourvariant", "pk": 106, "fields": {"tour": 16, "company": 13, "coast": 1000, "difficulty": "EASY", "out_time": "2021-05-31T09:00:00Z", "back_time": "2021-05-18T19:00:00Z", "photographer": true, "date": "2021-06-26", "start_height": 1600, "max_height": 1800, "days_count": 1, "path_length_m": 3000, "needed_items": "\u0412\u043e\u0434\u0443 \u0441 \u0440\u0430\u0441\u0441\u0447\u0435\u0442\u043e\u043c \u043d\u0430 \u043e\u0434\u0438\u043d \u0434\u0435\u043d\u044c, \u043e\u0431\u0443\u0442\u044c \u0445\u043e\u0440\u043e\u0448\u0443\u044e \u0442\u0440\u0435\u043a\u0438\u043d\u0433\u043e\u0432\u0443\u044e \u043e\u0431\u0443\u0432\u044c, \u0435\u0434\u0443, \u0441\u043e\u043b\u043d\u0446\u0435\u0437\u0430\u0449\u0438\u0442\u043d\u044b\u0435 \u043e\u0447\u043a\u0438", "is_active": false}}, {"model": "api.tourvariant", "pk": 107, "fields": {"tour": 17, "company": 13, "coast": 500, "difficulty": "EASY", "out_time": "2021-05-31T09:00:00Z", "back_time": "2021-05-29T20:00:00Z", "photographer": true, "date": "2021-06-26", "start_height": 1600, "max_height": 1800, "days_count": 1, "path_length_m": 4600, "needed_items": "\u0412\u043e\u0434\u0443 \u0441 \u0440\u0430\u0441\u0441\u0447\u0435\u0442\u043e\u043c \u043d\u0430 \u043e\u0434\u0438\u043d \u0434\u0435\u043d\u044c, \u043e\u0431\u0443\u0442\u044c \u0445\u043e\u0440\u043e\u0448\u0443\u044e \u0442\u0440\u0435\u043a\u0438\u043d\u0433\u043e\u0432\u0443\u044e \u043e\u0431\u0443\u0432\u044c, \u0435\u0434\u0443, \u0441\u043e\u043b\u043d\u0446\u0435\u0437\u0430\u0449\u0438\u0442\u043d\u044b\u0435 \u043e\u0447\u043a\u0438", "is_active": false}}, {"model": "api.tourvariant", "pk": 108, "fields": {"tour": 18, "company": 13, "coast": 400, "difficulty": "MIDDLE", "out_time": "2021-05-31T08:00:00Z", "back_time": "2021-05-18T21:00:00Z", "photographer": false, "date": "2021-06-26", "start_height": 1900, "max_height": 2200, "days_count": 1, "path_length_m": 5000, "needed_items": "\u0412\u043e\u0434\u0443 \u0441 \u0440\u0430\u0441\u0441\u0447\u0435\u0442\u043e\u043c \u043d\u0430 \u043e\u0434\u0438\u043d \u0434\u0435\u043d\u044c, \u043e\u0431\u0443\u0442\u044c \u0445\u043e\u0440\u043e\u0448\u0443\u044e \u0442\u0440\u0435\u043a\u0438\u043d\u0433\u043e\u0432\u0443\u044e \u043e\u0431\u0443\u0432\u044c, \u0435\u0434\u0443, \u0441\u043e\u043b\u043d\u0446\u0435\u0437\u0430\u0449\u0438\u0442\u043d\u044b\u0435 \u043e\u0447\u043a\u0438", "is_active": false}}, {"model": "api.tourvariant", "pk": 109, "fields": {"tour": 19, "company": 13, "coast": 100, "difficulty": "MIDDLE", "out_time": "2021-06-25T09:00:00Z", "back_time": "2021-05-18T23:00:00Z", "photographer": false, "date": "2021-06-27", "start_height": 2000, "max_height": 2500, "days_count": 1, "path_length_m": 7000, "needed_items": "\u0412\u043e\u0434\u0443 \u0441 \u0440\u0430\u0441\u0441\u0447\u0435\u0442\u043e\u043c \u043d\u0430 \u043e\u0434\u0438\u043d \u0434\u0435\u043d\u044c, \u043e\u0431\u0443\u0442\u044c \u0445\u043e\u0440\u043e\u0448\u0443\u044e \u0442\u0440\u0435\u043a\u0438\u043d\u0433\u043e\u0432\u0443\u044e \u043e\u0431\u0443\u0432\u044c, \u0435\u0434\u0443, \u0441\u043e\u043b\u043d\u0446\u0435\u0437\u0430\u0449\u0438\u0442\u043d\u044b\u0435 \u043e\u0447\u043a\u0438", "is_active": false}}, {"model": "api.tourvariant", "pk": 110, "fields": {"tour": 12, "company": 13, "coast": 800, "difficulty": "MIDDLE", "out_time": "2021-06-27T09:00:00Z", "back_time": "2021-06-27T22:00:00Z", "photographer": true, "date": "2021-06-27", "start_height": 1600, "max_height": 2000, "days_count": 1, "path_length_m": 3000, "needed_items": "\u0422\u0440\u0435\u043a\u0438\u043d\u0433\u043e\u0432\u0430\u044f \u043e\u0431\u0443\u0432\u044c, \u0432\u043e\u0434\u0430 \u0441 \u0440\u0430\u0441\u0441\u0447\u0435\u0442\u043e\u043c \u043d\u0430 \u043e\u0434\u0438\u043d \u0434\u0435\u043d\u044c, \u0441\u043e\u043b\u043d\u0446\u0435\u0437\u0430\u0449\u0438\u0442\u043d\u044b\u0435 \u043e\u0447\u043a\u0438, \u043a\u0440\u0435\u043c \u043e\u0442 \u0437\u0430\u0433\u0430\u0440\u0430, \u0435\u0434\u0430 \u0441 \u0440\u0430\u0441\u0441\u0447\u0435\u0442\u043e\u043c \u043d\u0430 \u043e\u0434\u043d\u043e\u0433\u043e \u0447\u0435\u043b\u043e\u0432\u0435\u043a\u0430", "is_active": false}}, {"model": "api.tourvariant", "pk": 111, "fields": {"tour": 20, "company": 13, "coast": 800, "difficulty": "EASY", "out_time": "2021-06-27T09:00:00Z", "back_time": "2021-06-27T21:00:00Z", "photographer": true, "date": "2021-06-27", "start_height": 1600, "max_height": 2300, "days_count": 1, "path_length_m": 7000, "needed_items": "\u0422\u0440\u0435\u043a\u0438\u043d\u0433\u043e\u0432\u0430\u044f \u043e\u0431\u0443\u0432\u044c, \u0432\u043e\u0434\u0430 \u0441 \u0440\u0430\u0441\u0441\u0447\u0435\u0442\u043e\u043c \u043d\u0430 \u043e\u0434\u0438\u043d \u0434\u0435\u043d\u044c, \u0441\u043e\u043b\u043d\u0446\u0435\u0437\u0430\u0449\u0438\u0442\u043d\u044b\u0435 \u043e\u0447\u043a\u0438, \u043a\u0440\u0435\u043c \u043e\u0442 \u0437\u0430\u0433\u0430\u0440\u0430, \u0435\u0434\u0430 \u0441 \u0440\u0430\u0441\u0441\u0447\u0435\u0442\u043e\u043c \u043d\u0430 \u043e\u0434\u043d\u043e\u0433\u043e \u0447\u0435\u043b\u043e\u0432\u0435\u043a\u0430", "is_active": false}}, {"model": "api.tourvariant", "pk": 112, "fields": {"tour": 21, "company": 13, "coast": 600, "difficulty": "MIDDLE", "out_time": "2021-06-27T07:00:00Z", "back_time": "2021-06-27T22:00:00Z", "photographer": true, "date": "2021-06-27", "start_height": 1600, "max_height": 1900, "days_count": 1, "path_length_m": 4900, "needed_items": "\u0422\u0440\u0435\u043a\u0438\u043d\u0433\u043e\u0432\u0430\u044f \u043e\u0431\u0443\u0432\u044c, \u0432\u043e\u0434\u0430 \u0441 \u0440\u0430\u0441\u0441\u0447\u0435\u0442\u043e\u043c \u043d\u0430 \u043e\u0434\u0438\u043d \u0434\u0435\u043d\u044c, \u0441\u043e\u043b\u043d\u0446\u0435\u0437\u0430\u0449\u0438\u0442\u043d\u044b\u0435 \u043e\u0447\u043a\u0438, \u043a\u0440\u0435\u043c \u043e\u0442 \u0437\u0430\u0433\u0430\u0440\u0430, \u0435\u0434\u0430 \u0441 \u0440\u0430\u0441\u0441\u0447\u0435\u0442\u043e\u043c \u043d\u0430 \u043e\u0434\u043d\u043e\u0433\u043e \u0447\u0435\u043b\u043e\u0432\u0435\u043a\u0430", "is_active": false}}, {"model": "api.tourvariant", "pk": 113, "fields": {"tour": 14, "company": 13, "coast": 600, "difficulty": "EASY", "out_time": "2021-06-27T09:00:00Z", "back_time": "2021-06-27T21:00:00Z", "photographer": true, "date": "2021-06-27", "start_height": 1600, "max_height": 1800, "days_count": 3, "path_length_m": 4900, "needed_items": "\u0412\u043e\u0434\u0443 \u0441 \u0440\u0430\u0441\u0441\u0447\u0435\u0442\u043e\u043c \u043d\u0430 \u043e\u0434\u0438\u043d \u0434\u0435\u043d\u044c, \u043e\u0431\u0443\u0442\u044c \u0445\u043e\u0440\u043e\u0448\u0443\u044e \u0442\u0440\u0435\u043a\u0438\u043d\u0433\u043e\u0432\u0443\u044e \u043e\u0431\u0443\u0432\u044c, \u0435\u0434\u0443, \u0441\u043e\u043b\u043d\u0446\u0435\u0437\u0430\u0449\u0438\u0442\u043d\u044b\u0435 \u043e\u0447\u043a\u0438", "is_active": false}}, {"model": "api.tourvariant", "pk": 114, "fields": {"tour": 17, "company": 13, "coast": 500, "difficulty": "EASY", "out_time": "2021-06-27T09:00:00Z", "back_time": "2021-06-27T21:00:00Z", "photographer": false, "date": "2021-06-27", "start_height": 1600, "max_height": 1800, "days_count": 1, "path_length_m": 3000, "needed_items": "\u0412\u043e\u0434\u0443 \u0441 \u0440\u0430\u0441\u0441\u0447\u0435\u0442\u043e\u043c \u043d\u0430 \u043e\u0434\u0438\u043d \u0434\u0435\u043d\u044c, \u043e\u0431\u0443\u0442\u044c \u0445\u043e\u0440\u043e\u0448\u0443\u044e \u0442\u0440\u0435\u043a\u0438\u043d\u0433\u043e\u0432\u0443\u044e \u043e\u0431\u0443\u0432\u044c, \u0435\u0434\u0443, \u0441\u043e\u043b\u043d\u0446\u0435\u0437\u0430\u0449\u0438\u0442\u043d\u044b\u0435 \u043e\u0447\u043a\u0438", "is_active": true}}, {"model": "api.tourvariant", "pk": 115, "fields": {"tour": 18, "company": 13, "coast": 400, "difficulty": "MIDDLE", "out_time": "2021-06-27T06:00:00Z", "back_time": "2021-06-27T22:00:00Z", "photographer": true, "date": "2021-06-27", "start_height": 2000, "max_height": 2100, "days_count": 1, "path_length_m": 7000, "needed_items": "\u0422\u0440\u0435\u043a\u0438\u043d\u0433\u043e\u0432\u0430\u044f \u043e\u0431\u0443\u0432\u044c, \u0432\u043e\u0434\u0430 \u0441 \u0440\u0430\u0441\u0441\u0447\u0435\u0442\u043e\u043c \u043d\u0430 \u043e\u0434\u0438\u043d \u0434\u0435\u043d\u044c, \u0441\u043e\u043b\u043d\u0446\u0435\u0437\u0430\u0449\u0438\u0442\u043d\u044b\u0435 \u043e\u0447\u043a\u0438, \u043a\u0440\u0435\u043c \u043e\u0442 \u0437\u0430\u0433\u0430\u0440\u0430, \u0435\u0434\u0430 \u0441 \u0440\u0430\u0441\u0441\u0447\u0435\u0442\u043e\u043c \u043d\u0430 \u043e\u0434\u043d\u043e\u0433\u043e \u0447\u0435\u043b\u043e\u0432\u0435\u043a\u0430", "is_active": false}}, {"model": "api.tourvariant", "pk": 116, "fields": {"tour": 21, "company": 11, "coast": 600, "difficulty": "MIDDLE", "out_time": "2021-06-26T09:00:00Z", "back_time": "2021-06-26T21:00:00Z", "photographer": true, "date": "2021-06-26", "start_height": 1600, "max_height": 2100, "days_count": 1, "path_length_m": 4600, "needed_items": "C\u043e\u043b\u043d\u0446\u0435\u0437\u0430\u0449\u0438\u0442\u043d\u044b\u0435 \u043e\u0447\u043a\u0438 \ud83e\uddf4\u043a\u0440\u0435\u043c \ud83e\udde6\u0437\u0430\u043f\u0430\u0441\u043d\u044b\u0435 \u043d\u043e\u0441\u043a\u0438 \ud83d\udc5f\u0442\u0440\u0435\u043a\u043a\u0438\u043d\u0433\u043e\u0432\u0430\u044f \u043e\u0431\u0443\u0432\u044c \u0438\u043b\u0438 \u0431\u043e\u0442\u0430\u0441\u044b \u0441 \u0442\u0432\u0451\u0440\u0434\u043e\u0439 \u043f\u043e\u0434\u043e\u0448\u0432\u043e\u0439 \ud83c\udfbf\u0442\u0440\u0435\u043a\u043a\u0438\u043d\u0433\u043e\u0432\u044b\u0435 \u043f\u0430\u043b\u043e\u0447\u043a\u0438 \ud83e\udd8a\u0442\u0435\u0308\u043f\u043b\u0430\u044f \u043e\u0434\u0435\u0436\u0434\u0430 \u2614\ufe0f\u0434\u043e\u0436\u0434\u0435\u0432\u0438\u043a(\u043a\u0443\u043f\u0438\u0442\u044c \u043c\u043e\u0436\u043d\u043e \u0432\u043e \u0424\u0440\u0443\u043d\u0437\u0435)", "is_active": false}}, {"model": "api.tourvariant", "pk": 117, "fields": {"tour": 21, "company": 11, "coast": 600, "difficulty": "MIDDLE", "out_time": "2021-06-27T09:00:00Z", "back_time": "2021-06-27T21:00:00Z", "photographer": false, "date": "2021-06-27", "start_height": 1600, "max_height": 2100, "days_count": 1, "path_length_m": 4600, "needed_items": "\u0441\u043e\u043b\u043d\u0446\u0435\u0437\u0430\u0449\u0438\u0442\u043d\u044b\u0435 \u043e\u0447\u043a\u0438 \ud83e\uddf4\u043a\u0440\u0435\u043c \ud83e\udde6\u0437\u0430\u043f\u0430\u0441\u043d\u044b\u0435 \u043d\u043e\u0441\u043a\u0438 \ud83d\udc5f\u0442\u0440\u0435\u043a\u043a\u0438\u043d\u0433\u043e\u0432\u0430\u044f \u043e\u0431\u0443\u0432\u044c \u0438\u043b\u0438 \u0431\u043e\u0442\u0430\u0441\u044b \u0441 \u0442\u0432\u0451\u0440\u0434\u043e\u0439 \u043f\u043e\u0434\u043e\u0448\u0432\u043e\u0439 \ud83c\udfbf\u0442\u0440\u0435\u043a\u043a\u0438\u043d\u0433\u043e\u0432\u044b\u0435 \u043f\u0430\u043b\u043e\u0447\u043a\u0438 \ud83e\udd8a\u0442\u0435\u0308\u043f\u043b\u0430\u044f \u043e\u0434\u0435\u0436\u0434\u0430 \u2614\ufe0f\u0434\u043e\u0436\u0434\u0435\u0432\u0438\u043a(\u043a\u0443\u043f\u0438\u0442\u044c \u043c\u043e\u0436\u043d\u043e \u0432\u043e \u0424\u0440\u0443\u043d\u0437\u0435)", "is_active": false}}, {"model": "api.tourvariant", "pk": 118, "fields": {"tour": 15, "company": 11, "coast": 3300, "difficulty": "MIDDLE", "out_time": "2021-06-26T09:00:00Z", "back_time": "2021-06-27T22:00:00Z", "photographer": true, "date": "2021-06-26", "start_height": 1100, "max_height": 1800, "days_count": 2, "path_length_m": 5000, "needed_items": "\u0441\u043e\u043b\u043d\u0446\u0435\u0437\u0430\u0449\u0438\u0442\u043d\u044b\u0435 \u043e\u0447\u043a\u0438 \ud83e\uddf4\u043a\u0440\u0435\u043c \ud83e\udde6\u0437\u0430\u043f\u0430\u0441\u043d\u044b\u0435 \u043d\u043e\u0441\u043a\u0438 \ud83e\udd8a\u0442\u0435\u0308\u043f\u043b\u0430\u044f \u043e\u0434\u0435\u0436\u0434\u0430, \u0437\u0430\u043f\u0430\u0441\u043d\u0430\u044f \u0442\u0435\u0308\u043f\u043b\u0430\u044f \u043e\u0434\u0435\u0436\u0434\u0430 (\u0437\u0438\u043c\u043d\u044f\u044f) \u2614\ufe0f\u0434\u043e\u0436\u0434\u0435\u0432\u0438\u043a(\u043a\u0443\u043f\u0438\u0442\u044c \u043c\u043e\u0436\u043d\u043e \u0432\u043e \u0424\u0440\u0443\u043d\u0437\u0435) \ud83e\udde3\u0448\u0430\u0440\u0444 \ud83e\udde4\u043f\u0435\u0440\u0447\u0430\u0442\u043a\u0438 \ud83c\udf87\u043f\u043b\u0435\u0434 \ud83d\udd25\u0414\u043b\u044f \u043e\u0441\u043e\u0431\u043e \u0433\u043e\u0440\u044f\u0447\u0438\u0445, \u0432\u043e\u0437\u044c\u043c\u0438\u0442\u0435 \u0441 \u0441\u043e\u0431\u043e\u0438\u0306 \u043a\u0443\u043f\u0430\u043b\u044c\u043d\u044b\u0435 \u043f\u0440\u0438\u043d\u0430\u0434\u043b\u0435\u0436\u043d\u043e\u0441\u0442\u0438\ud83e\udd1f\ud83c\udffb", "is_active": false}}, {"model": "api.tourvariant", "pk": 119, "fields": {"tour": 14, "company": 11, "coast": 1200, "difficulty": "EASY", "out_time": "2021-05-31T09:00:00Z", "back_time": "2021-05-18T22:00:00Z", "photographer": false, "date": "2021-06-27", "start_height": 1600, "max_height": 1800, "days_count": 1, "path_length_m": 3000, "needed_items": "\ud83c\udf86\u0413\u043e\u043b\u043e\u0432\u043d\u043e\u0439 \u0443\u0431\u043e\u0440 (\u043e\u0431\u044f\u0437\u0430\u0442\u0435\u043b\u044c\u043d\u043e) \ud83d\udc53\u0421\u043e\u043b\u043d\u0446\u0435\u0437\u0430\u0449\u0438\u0442\u043d\u044b\u0435 \u043e\u0447\u043a\u0438 \u0438 \u043a\u0440\u0435\u043c \ud83c\udf05\u041f\u043b\u0435\u0434\u0438\u043a \u0438\u043b\u0438 \u043a\u0430\u0440\u0435\u043c\u0430\u0442 \ud83e\udd58\u041f\u0435\u0440\u0435\u043a\u0443\u0441\u044b \u2764\ufe0f\u0414\u0435\u043d\u044c\u0433\u0438 \u043d\u0430 \u0434\u043e\u043f\u043e\u043b\u043d\u0438\u0442\u0435\u043b\u044c\u043d\u043e\u0435 \u043a\u0430\u0442\u0430\u043d\u0438\u0435", "is_active": false}}, {"model": "api.tourvariant", "pk": 120, "fields": {"tour": 14, "company": 11, "coast": 1200, "difficulty": "EASY", "out_time": "2021-06-26T09:00:00Z", "back_time": "2021-06-26T21:00:00Z", "photographer": false, "date": "2021-06-26", "start_height": 1600, "max_height": 1800, "days_count": 1, "path_length_m": 3000, "needed_items": "\ud83c\udf86\u0413\u043e\u043b\u043e\u0432\u043d\u043e\u0439 \u0443\u0431\u043e\u0440 (\u043e\u0431\u044f\u0437\u0430\u0442\u0435\u043b\u044c\u043d\u043e) \ud83d\udc53\u0421\u043e\u043b\u043d\u0446\u0435\u0437\u0430\u0449\u0438\u0442\u043d\u044b\u0435 \u043e\u0447\u043a\u0438 \u0438 \u043a\u0440\u0435\u043c \ud83c\udf05\u041f\u043b\u0435\u0434\u0438\u043a \u0438\u043b\u0438 \u043a\u0430\u0440\u0435\u043c\u0430\u0442 \ud83e\udd58\u041f\u0435\u0440\u0435\u043a\u0443\u0441\u044b \u2764\ufe0f\u0414\u0435\u043d\u044c\u0433\u0438 \u043d\u0430 \u0434\u043e\u043f\u043e\u043b\u043d\u0438\u0442\u0435\u043b\u044c\u043d\u043e\u0435 \u043a\u0430\u0442\u0430\u043d\u0438\u0435", "is_active": false}}, {"model": "api.tourvariant", "pk": 121, "fields": {"tour": 22, "company": 11, "coast": 600, "difficulty": "HIGH", "out_time": "2021-06-24T09:00:00Z", "back_time": "2021-06-24T22:00:00Z", "photographer": true, "date": "2021-06-24", "start_height": 1600, "max_height": 2100, "days_count": 1, "path_length_m": 7000, "needed_items": "\ud83d\udc53\u0441\u043e\u043b\u043d\u0446\u0435\u0437\u0430\u0449\u0438\u0442\u043d\u044b\u0435 \u043e\u0447\u043a\u0438 \ud83e\uddf4\u043a\u0440\u0435\u043c \ud83e\udde6\u0437\u0430\u043f\u0430\u0441\u043d\u044b\u0435 \u043d\u043e\u0441\u043a\u0438 \u0422\u0440\u0435\u043a\u043a\u0438\u043d\u0433\u043e\u0432\u0430\u044f \u043e\u0431\u0443\u0432\u044c \u0438 \u043f\u0430\u043b\u043e\u0447\u043a\u0438 \ud83e\udd8a\u0442\u0435\u0308\u043f\u043b\u0430\u044f \u043e\u0434\u0435\u0436\u0434\u0430 \u2614\ufe0f\u0434\u043e\u0436\u0434\u0435\u0432\u0438\u043a(\u043a\u0443\u043f\u0438\u0442\u044c \u043c\u043e\u0436\u043d\u043e \u0432\u043e \u0424\u0440\u0443\u043d\u0437\u0435)", "is_active": false}}, {"model": "api.tourvariant", "pk": 122, "fields": {"tour": 23, "company": 11, "coast": 750, "difficulty": "HIGH", "out_time": "2021-05-31T06:00:00Z", "back_time": "2021-06-27T22:00:00Z", "photographer": false, "date": "2021-06-27", "start_height": 3000, "max_height": 3600, "days_count": 1, "path_length_m": 14000, "needed_items": "\u0441\u043e\u043b\u043d\u0446\u0435\u0437\u0430\u0449\u0438\u0442\u043d\u044b\u0435 \u043e\u0447\u043a\u0438 \ud83e\uddf4\u0441\u043e\u043b\u043d\u0446\u0435\u0437\u0430\u0449\u0438\u0442\u043d\u044b\u0438\u0306 \u043a\u0440\u0435\u043c \ud83e\udde6\u0437\u0430\u043f\u0430\u0441\u043d\u044b\u0435 \u043d\u043e\u0441\u043a\u0438 \ud83e\udd8a\u0442\u0435\u0308\u043f\u043b\u0430\u044f \u043e\u0434\u0435\u0436\u0434\u0430 (\u043a\u0443\u0440\u0442\u043a\u0430, \u043a\u043e\u0444\u0442\u0430, \u043b\u043e\u0441\u0438\u043d\u044b, \u0448\u0442\u0430\u043d\u044b) \u2614\ufe0f\u0434\u043e\u0436\u0434\u0435\u0432\u0438\u043a(\u043a\u0443\u043f\u0438\u0442\u044c \u043c\u043e\u0436\u043d\u043e \u0432\u043e \u0424\u0440\u0443\u043d\u0437\u0435) \ud83e\udd7e\u0442\u0440\u0435\u043a\u043a\u0438\u043d\u0433\u043e\u0432\u0430\u044f \u0442\u0435\u0308\u043f\u043b\u0430\u044f \u043e\u0431\u0443\u0432\u044c \u0441 \u0442\u0432\u0435\u0308\u0440\u0434\u043e\u0438\u0306 \u043f\u043e\u0434\u043e\u0448\u0432\u043e\u0438\u0306 \ud83e\udde3\u0448\u0430\u043f\u043a\u0430 \ud83e\udde2\u0448\u0430\u0440\u0444", "is_active": false}}, {"model": "api.tourvariant", "pk": 123, "fields": {"tour": 17, "company": 11, "coast": 500, "difficulty": "MIDDLE", "out_time": "2021-05-31T09:00:00Z", "back_time": "2021-06-27T22:00:00Z", "photographer": false, "date": "2021-06-25", "start_height": 1600, "max_height": 1800, "days_count": 1, "path_length_m": 3000, "needed_items": "\ud83c\udf86\u0413\u043e\u043b\u043e\u0432\u043d\u043e\u0439 \u0443\u0431\u043e\u0440 (\u043e\u0431\u044f\u0437\u0430\u0442\u0435\u043b\u044c\u043d\u043e) \ud83d\udc53\u0421\u043e\u043b\u043d\u0446\u0435\u0437\u0430\u0449\u0438\u0442\u043d\u044b\u0435 \u043e\u0447\u043a\u0438 \u0438 \u043a\u0440\u0435\u043c \ud83c\udf05\u041f\u043b\u0435\u0434\u0438\u043a \u0438\u043b\u0438 \u043a\u0430\u0440\u0435\u043c\u0430\u0442 \ud83e\udd58\u041f\u0435\u0440\u0435\u043a\u0443\u0441\u044b \u2764\ufe0f\u0414\u0435\u043d\u044c\u0433\u0438 \u043d\u0430 \u0434\u043e\u043f\u043e\u043b\u043d\u0438\u0442\u0435\u043b\u044c\u043d\u043e\u0435 \u043a\u0430\u0442\u0430\u043d\u0438\u0435", "is_active": false}}, {"model": "api.tourvariant", "pk": 124, "fields": {"tour": 24, "company": 11, "coast": 600, "difficulty": "MIDDLE", "out_time": "2021-06-27T06:00:00Z", "back_time": "2021-05-18T21:00:00Z", "photographer": true, "date": "2021-06-26", "start_height": 1600, "max_height": 1800, "days_count": 1, "path_length_m": 3000, "needed_items": "\ud83c\udf86\u0413\u043e\u043b\u043e\u0432\u043d\u043e\u0439 \u0443\u0431\u043e\u0440 (\u043e\u0431\u044f\u0437\u0430\u0442\u0435\u043b\u044c\u043d\u043e) \ud83d\udc53\u0421\u043e\u043b\u043d\u0446\u0435\u0437\u0430\u0449\u0438\u0442\u043d\u044b\u0435 \u043e\u0447\u043a\u0438 \u0438 \u043a\u0440\u0435\u043c \ud83c\udf05\u041f\u043b\u0435\u0434\u0438\u043a \u0438\u043b\u0438 \u043a\u0430\u0440\u0435\u043c\u0430\u0442 \ud83e\udd58\u041f\u0435\u0440\u0435\u043a\u0443\u0441\u044b \u2764\ufe0f\u0414\u0435\u043d\u044c\u0433\u0438 \u043d\u0430 \u0434\u043e\u043f\u043e\u043b\u043d\u0438\u0442\u0435\u043b\u044c\u043d\u043e\u0435 \u043a\u0430\u0442\u0430\u043d\u0438\u0435", "is_active": false}}, {"model": "api.tourvariant", "pk": 125, "fields": {"tour": 12, "company": 11, "coast": 900, "difficulty": "EASY", "out_time": "2021-05-31T09:00:00Z", "back_time": "2021-06-27T22:00:00Z", "photographer": false, "date": "2021-06-26", "start_height": 1600, "max_height": 1800, "days_count": 1, "path_length_m": 3000, "needed_items": "\ud83c\udf86\u0413\u043e\u043b\u043e\u0432\u043d\u043e\u0439 \u0443\u0431\u043e\u0440 (\u043e\u0431\u044f\u0437\u0430\u0442\u0435\u043b\u044c\u043d\u043e) \ud83d\udc53\u0421\u043e\u043b\u043d\u0446\u0435\u0437\u0430\u0449\u0438\u0442\u043d\u044b\u0435 \u043e\u0447\u043a\u0438 \u0438 \u043a\u0440\u0435\u043c \ud83c\udf05\u041f\u043b\u0435\u0434\u0438\u043a \u0438\u043b\u0438 \u043a\u0430\u0440\u0435\u043c\u0430\u0442 \ud83e\udd58\u041f\u0435\u0440\u0435\u043a\u0443\u0441\u044b \u2764\ufe0f\u0414\u0435\u043d\u044c\u0433\u0438 \u043d\u0430 \u0434\u043e\u043f\u043e\u043b\u043d\u0438\u0442\u0435\u043b\u044c\u043d\u043e\u0435 \u043a\u0430\u0442\u0430\u043d\u0438\u0435", "is_active": false}}, {"model": "api.tourvariant", "pk": 126, "fields": {"tour": 16, "company": 11, "coast": 1200, "difficulty": "MIDDLE", "out_time": "2021-05-31T06:00:00Z", "back_time": "2021-05-18T22:00:00Z", "photographer": false, "date": "2021-06-26", "start_height": 1600, "max_height": 2100, "days_count": 1, "path_length_m": 7000, "needed_items": "\ud83c\udf86\u0413\u043e\u043b\u043e\u0432\u043d\u043e\u0439 \u0443\u0431\u043e\u0440 (\u043e\u0431\u044f\u0437\u0430\u0442\u0435\u043b\u044c\u043d\u043e) \ud83d\udc53\u0421\u043e\u043b\u043d\u0446\u0435\u0437\u0430\u0449\u0438\u0442\u043d\u044b\u0435 \u043e\u0447\u043a\u0438 \u0438 \u043a\u0440\u0435\u043c \ud83c\udf05\u041f\u043b\u0435\u0434\u0438\u043a \u0438\u043b\u0438 \u043a\u0430\u0440\u0435\u043c\u0430\u0442 \ud83e\udd58\u041f\u0435\u0440\u0435\u043a\u0443\u0441\u044b \u2764\ufe0f\u0414\u0435\u043d\u044c\u0433\u0438 \u043d\u0430 \u0434\u043e\u043f\u043e\u043b\u043d\u0438\u0442\u0435\u043b\u044c\u043d\u043e\u0435 \u043a\u0430\u0442\u0430\u043d\u0438\u0435", "is_active": false}}, {"model": "api.tourvariant", "pk": 127, "fields": {"tour": 25, "company": 11, "coast": 1100, "difficulty": "MIDDLE", "out_time": "2021-06-27T09:00:00Z", "back_time": "2021-06-27T23:00:00Z", "photographer": true, "date": "2021-05-29", "start_height": 1600, "max_height": 2100, "days_count": 1, "path_length_m": 3000, "needed_items": "\ud83c\udf86\u0413\u043e\u043b\u043e\u0432\u043d\u043e\u0439 \u0443\u0431\u043e\u0440 (\u043e\u0431\u044f\u0437\u0430\u0442\u0435\u043b\u044c\u043d\u043e) \ud83d\udc53\u0421\u043e\u043b\u043d\u0446\u0435\u0437\u0430\u0449\u0438\u0442\u043d\u044b\u0435 \u043e\u0447\u043a\u0438 \u0438 \u043a\u0440\u0435\u043c \ud83c\udf05\u041f\u043b\u0435\u0434\u0438\u043a \u0438\u043b\u0438 \u043a\u0430\u0440\u0435\u043c\u0430\u0442 \ud83e\udd58\u041f\u0435\u0440\u0435\u043a\u0443\u0441\u044b \u2764\ufe0f\u0414\u0435\u043d\u044c\u0433\u0438 \u043d\u0430 \u0434\u043e\u043f\u043e\u043b\u043d\u0438\u0442\u0435\u043b\u044c\u043d\u043e\u0435 \u043a\u0430\u0442\u0430\u043d\u0438\u0435", "is_active": false}}, {"model": "api.tourvariant", "pk": 128, "fields": {"tour": 19, "company": 11, "coast": 1100, "difficulty": "MIDDLE", "out_time": "2021-05-31T17:00:00Z", "back_time": "2021-05-18T23:00:00Z", "photographer": false, "date": "2021-06-26", "start_height": 1600, "max_height": 2100, "days_count": 1, "path_length_m": 3000, "needed_items": "\ud83c\udf86\u0413\u043e\u043b\u043e\u0432\u043d\u043e\u0439 \u0443\u0431\u043e\u0440 (\u043e\u0431\u044f\u0437\u0430\u0442\u0435\u043b\u044c\u043d\u043e) \ud83d\udc53\u0421\u043e\u043b\u043d\u0446\u0435\u0437\u0430\u0449\u0438\u0442\u043d\u044b\u0435 \u043e\u0447\u043a\u0438 \u0438 \u043a\u0440\u0435\u043c \ud83c\udf05\u041f\u043b\u0435\u0434\u0438\u043a \u0438\u043b\u0438 \u043a\u0430\u0440\u0435\u043c\u0430\u0442 \ud83e\udd58\u041f\u0435\u0440\u0435\u043a\u0443\u0441\u044b \u2764\ufe0f\u0414\u0435\u043d\u044c\u0433\u0438 \u043d\u0430 \u0434\u043e\u043f\u043e\u043b\u043d\u0438\u0442\u0435\u043b\u044c\u043d\u043e\u0435 \u043a\u0430\u0442\u0430\u043d\u0438\u0435", "is_active": false}}, {"model": "api.tourvariant", "pk": 129, "fields": {"tour": 23, "company": 11, "coast": 750, "difficulty": "MIDDLE", "out_time": "2021-05-31T09:00:00Z", "back_time": "2021-06-27T22:00:00Z", "photographer": false, "date": "2021-06-27", "start_height": 1600, "max_height": 2100, "days_count": 1, "path_length_m": 3000, "needed_items": "\ud83c\udf86\u0413\u043e\u043b\u043e\u0432\u043d\u043e\u0439 \u0443\u0431\u043e\u0440 (\u043e\u0431\u044f\u0437\u0430\u0442\u0435\u043b\u044c\u043d\u043e) \ud83d\udc53\u0421\u043e\u043b\u043d\u0446\u0435\u0437\u0430\u0449\u0438\u0442\u043d\u044b\u0435 \u043e\u0447\u043a\u0438 \u0438 \u043a\u0440\u0435\u043c \ud83c\udf05\u041f\u043b\u0435\u0434\u0438\u043a \u0438\u043b\u0438 \u043a\u0430\u0440\u0435\u043c\u0430\u0442 \ud83e\udd58\u041f\u0435\u0440\u0435\u043a\u0443\u0441\u044b \u2764\ufe0f\u0414\u0435\u043d\u044c\u0433\u0438 \u043d\u0430 \u0434\u043e\u043f\u043e\u043b\u043d\u0438\u0442\u0435\u043b\u044c\u043d\u043e\u0435 \u043a\u0430\u0442\u0430\u043d\u0438\u0435", "is_active": false}}, {"model": "api.tourvariant", "pk": 130, "fields": {"tour": 21, "company": 11, "coast": 600, "difficulty": "MIDDLE", "out_time": "2021-06-27T09:00:00Z", "back_time": "2021-06-27T21:00:00Z", "photographer": false, "date": "2021-06-27", "start_height": 1600, "max_height": 2200, "days_count": 1, "path_length_m": 3000, "needed_items": "\ud83c\udf86\u0413\u043e\u043b\u043e\u0432\u043d\u043e\u0439 \u0443\u0431\u043e\u0440 (\u043e\u0431\u044f\u0437\u0430\u0442\u0435\u043b\u044c\u043d\u043e) \ud83d\udc53\u0421\u043e\u043b\u043d\u0446\u0435\u0437\u0430\u0449\u0438\u0442\u043d\u044b\u0435 \u043e\u0447\u043a\u0438 \u0438 \u043a\u0440\u0435\u043c \ud83c\udf05\u041f\u043b\u0435\u0434\u0438\u043a \u0438\u043b\u0438 \u043a\u0430\u0440\u0435\u043c\u0430\u0442 \ud83e\udd58\u041f\u0435\u0440\u0435\u043a\u0443\u0441\u044b \u2764\ufe0f\u0414\u0435\u043d\u044c\u0433\u0438 \u043d\u0430 \u0434\u043e\u043f\u043e\u043b\u043d\u0438\u0442\u0435\u043b\u044c\u043d\u043e\u0435 \u043a\u0430\u0442\u0430\u043d\u0438\u0435", "is_active": false}}, {"model": "api.tourvariant", "pk": 131, "fields": {"tour": 12, "company": 12, "coast": 750, "difficulty": "EASY", "out_time": "2021-05-31T09:00:00Z", "back_time": "2021-06-27T21:00:00Z", "photographer": false, "date": "2021-06-27", "start_height": 1600, "max_height": 2100, "days_count": 1, "path_length_m": 3000, "needed_items": "\u0412\u043e\u0434\u0443 \u0441 \u0440\u0430\u0441\u0441\u0447\u0435\u0442\u043e\u043c \u043d\u0430 \u043e\u0434\u0438\u043d \u0434\u0435\u043d\u044c, \u043e\u0431\u0443\u0442\u044c \u0445\u043e\u0440\u043e\u0448\u0443\u044e \u0442\u0440\u0435\u043a\u0438\u043d\u0433\u043e\u0432\u0443\u044e \u043e\u0431\u0443\u0432\u044c, \u0435\u0434\u0443, \u0441\u043e\u043b\u043d\u0446\u0435\u0437\u0430\u0449\u0438\u0442\u043d\u044b\u0435 \u043e\u0447\u043a\u0438", "is_active": false}}, {"model": "api.tourvariant", "pk": 132, "fields": {"tour": 27, "company": 14, "coast": 1200, "difficulty": "ADVANCED", "out_time": "2021-05-31T09:00:00Z", "back_time": "2021-06-27T23:00:00Z", "photographer": false, "date": "2021-06-27", "start_height": 3000, "max_height": 3500, "days_count": 1, "path_length_m": 14000, "needed_items": "\u0422\u0440\u0435\u043a\u0438\u043d\u0433\u043e\u0432\u0430\u044f \u043e\u0431\u0443\u0432\u044c, \u0432\u043e\u0434\u0430 \u0441 \u0440\u0430\u0441\u0441\u0447\u0435\u0442\u043e\u043c \u043d\u0430 \u043e\u0434\u0438\u043d \u0434\u0435\u043d\u044c, \u0441\u043e\u043b\u043d\u0446\u0435\u0437\u0430\u0449\u0438\u0442\u043d\u044b\u0435 \u043e\u0447\u043a\u0438, \u043a\u0440\u0435\u043c \u043e\u0442 \u0437\u0430\u0433\u0430\u0440\u0430, \u0435\u0434\u0430 \u0441 \u0440\u0430\u0441\u0441\u0447\u0435\u0442\u043e\u043c \u043d\u0430 \u043e\u0434\u043d\u043e\u0433\u043e \u0447\u0435\u043b\u043e\u0432\u0435\u043a\u0430", "is_active": false}}, {"model": "api.tourvariant", "pk": 133, "fields": {"tour": 28, "company": 14, "coast": 1200, "difficulty": "HIGH", "out_time": "2021-06-27T09:00:00Z", "back_time": "2021-06-27T23:00:00Z", "photographer": false, "date": "2021-06-28", "start_height": 3500, "max_height": 4050, "days_count": 1, "path_length_m": 14000, "needed_items": "\u0422\u0440\u0435\u043a\u0438\u043d\u0433\u043e\u0432\u0430\u044f \u043e\u0431\u0443\u0432\u044c, \u0432\u043e\u0434\u0430 \u0441 \u0440\u0430\u0441\u0441\u0447\u0435\u0442\u043e\u043c \u043d\u0430 \u043e\u0434\u0438\u043d \u0434\u0435\u043d\u044c, \u0441\u043e\u043b\u043d\u0446\u0435\u0437\u0430\u0449\u0438\u0442\u043d\u044b\u0435 \u043e\u0447\u043a\u0438, \u043a\u0440\u0435\u043c \u043e\u0442 \u0437\u0430\u0433\u0430\u0440\u0430, \u0435\u0434\u0430 \u0441 \u0440\u0430\u0441\u0441\u0447\u0435\u0442\u043e\u043c \u043d\u0430 \u043e\u0434\u043d\u043e\u0433\u043e \u0447\u0435\u043b\u043e\u0432\u0435\u043a\u0430", "is_active": false}}, {"model": "api.tourvariant", "pk": 134, "fields": {"tour": 29, "company": 14, "coast": 1200, "difficulty": "HIGH", "out_time": "2021-06-27T09:00:00Z", "back_time": "2021-06-27T22:00:00Z", "photographer": false, "date": "2021-06-28", "start_height": 2000, "max_height": 2450, "days_count": 1, "path_length_m": 7000, "needed_items": "\u0422\u0440\u0435\u043a\u0438\u043d\u0433\u043e\u0432\u044b\u0435 \u043f\u0430\u043b\u043e\u0447\u043a\u0438, \u043a\u0440\u0435\u043f\u043a\u0430\u044f \u043e\u0431\u0443\u0432\u044c", "is_active": false}}, {"model": "api.tourvariant", "pk": 135, "fields": {"tour": 19, "company": 14, "coast": 2400, "difficulty": "HIGH", "out_time": "2021-06-27T09:00:00Z", "back_time": "2021-06-28T22:00:00Z", "photographer": true, "date": "2021-06-27", "start_height": 3000, "max_height": 3700, "days_count": 2, "path_length_m": 14000, "needed_items": "\ud83c\udf86\u0413\u043e\u043b\u043e\u0432\u043d\u043e\u0439 \u0443\u0431\u043e\u0440 (\u043e\u0431\u044f\u0437\u0430\u0442\u0435\u043b\u044c\u043d\u043e) \ud83d\udc53\u0421\u043e\u043b\u043d\u0446\u0435\u0437\u0430\u0449\u0438\u0442\u043d\u044b\u0435 \u043e\u0447\u043a\u0438 \u0438 \u043a\u0440\u0435\u043c \ud83c\udf05\u041f\u043b\u0435\u0434\u0438\u043a \u0438\u043b\u0438 \u043a\u0430\u0440\u0435\u043c\u0430\u0442 \ud83e\udd58\u041f\u0435\u0440\u0435\u043a\u0443\u0441\u044b \u2764\ufe0f\u0414\u0435\u043d\u044c\u0433\u0438 \u043d\u0430 \u0434\u043e\u043f\u043e\u043b\u043d\u0438\u0442\u0435\u043b\u044c\u043d\u043e\u0435 \u043a\u0430\u0442\u0430\u043d\u0438\u0435", "is_active": false}}, {"model": "api.tourvariant", "pk": 136, "fields": {"tour": 18, "company": 15, "coast": 400, "difficulty": "MIDDLE", "out_time": "2021-05-31T09:00:00Z", "back_time": "2021-06-27T21:00:00Z", "photographer": true, "date": "2021-06-27", "start_height": 1600, "max_height": 1800, "days_count": 1, "path_length_m": 3000, "needed_items": "\ud83c\udf86\u0413\u043e\u043b\u043e\u0432\u043d\u043e\u0439 \u0443\u0431\u043e\u0440 (\u043e\u0431\u044f\u0437\u0430\u0442\u0435\u043b\u044c\u043d\u043e) \ud83d\udc53\u0421\u043e\u043b\u043d\u0446\u0435\u0437\u0430\u0449\u0438\u0442\u043d\u044b\u0435 \u043e\u0447\u043a\u0438 \u0438 \u043a\u0440\u0435\u043c \ud83c\udf05\u041f\u043b\u0435\u0434\u0438\u043a \u0438\u043b\u0438 \u043a\u0430\u0440\u0435\u043c\u0430\u0442 \ud83e\udd58\u041f\u0435\u0440\u0435\u043a\u0443\u0441\u044b \u2764\ufe0f\u0414\u0435\u043d\u044c\u0433\u0438 \u043d\u0430 \u0434\u043e\u043f\u043e\u043b\u043d\u0438\u0442\u0435\u043b\u044c\u043d\u043e\u0435 \u043a\u0430\u0442\u0430\u043d\u0438\u0435", "is_active": false}}, {"model": "api.tourvariant", "pk": 137, "fields": {"tour": 12, "company": 16, "coast": 1000, "difficulty": "EASY", "out_time": "2021-05-31T09:00:00Z", "back_time": "2021-06-25T21:00:00Z", "photographer": false, "date": "2021-06-25", "start_height": 1600, "max_height": 2100, "days_count": 1, "path_length_m": 3000, "needed_items": "\u0412\u043e\u0434\u0443 \u0441 \u0440\u0430\u0441\u0441\u0447\u0435\u0442\u043e\u043c \u043d\u0430 \u043e\u0434\u0438\u043d \u0434\u0435\u043d\u044c, \u043e\u0431\u0443\u0442\u044c \u0445\u043e\u0440\u043e\u0448\u0443\u044e \u0442\u0440\u0435\u043a\u0438\u043d\u0433\u043e\u0432\u0443\u044e \u043e\u0431\u0443\u0432\u044c, \u0435\u0434\u0443, \u0441\u043e\u043b\u043d\u0446\u0435\u0437\u0430\u0449\u0438\u0442\u043d\u044b\u0435 \u043e\u0447\u043a\u0438", "is_active": false}}, {"model": "api.tourvariant", "pk": 138, "fields": {"tour": 22, "company": 16, "coast": 600, "difficulty": "HIGH", "out_time": "2021-05-31T05:00:00Z", "back_time": "2021-06-26T22:00:00Z", "photographer": false, "date": "2021-06-26", "start_height": 1600, "max_height": 2200, "days_count": 1, "path_length_m": 7000, "needed_items": "\ud83c\udf86\u0413\u043e\u043b\u043e\u0432\u043d\u043e\u0439 \u0443\u0431\u043e\u0440 (\u043e\u0431\u044f\u0437\u0430\u0442\u0435\u043b\u044c\u043d\u043e) \ud83d\udc53\u0421\u043e\u043b\u043d\u0446\u0435\u0437\u0430\u0449\u0438\u0442\u043d\u044b\u0435 \u043e\u0447\u043a\u0438 \u0438 \u043a\u0440\u0435\u043c \ud83c\udf05\u041f\u043b\u0435\u0434\u0438\u043a \u0438\u043b\u0438 \u043a\u0430\u0440\u0435\u043c\u0430\u0442 \ud83e\udd58\u041f\u0435\u0440\u0435\u043a\u0443\u0441\u044b \u2764\ufe0f\u0414\u0435\u043d\u044c\u0433\u0438 \u043d\u0430 \u0434\u043e\u043f\u043e\u043b\u043d\u0438\u0442\u0435\u043b\u044c\u043d\u043e\u0435 \u043a\u0430\u0442\u0430\u043d\u0438\u0435", "is_active": false}}, {"model": "api.tourvariant", "pk": 139, "fields": {"tour": 12, "company": 16, "coast": 1000, "difficulty": "EASY", "out_time": "2021-06-26T09:00:00Z", "back_time": "2021-06-26T21:00:00Z", "photographer": false, "date": "2021-06-26", "start_height": 1600, "max_height": 2100, "days_count": 1, "path_length_m": 3000, "needed_items": "\ud83c\udf86\u0413\u043e\u043b\u043e\u0432\u043d\u043e\u0439 \u0443\u0431\u043e\u0440 (\u043e\u0431\u044f\u0437\u0430\u0442\u0435\u043b\u044c\u043d\u043e) \ud83d\udc53\u0421\u043e\u043b\u043d\u0446\u0435\u0437\u0430\u0449\u0438\u0442\u043d\u044b\u0435 \u043e\u0447\u043a\u0438 \u0438 \u043a\u0440\u0435\u043c \ud83c\udf05\u041f\u043b\u0435\u0434\u0438\u043a \u0438\u043b\u0438 \u043a\u0430\u0440\u0435\u043c\u0430\u0442 \ud83e\udd58\u041f\u0435\u0440\u0435\u043a\u0443\u0441\u044b \u2764\ufe0f\u0414\u0435\u043d\u044c\u0433\u0438 \u043d\u0430 \u0434\u043e\u043f\u043e\u043b\u043d\u0438\u0442\u0435\u043b\u044c\u043d\u043e\u0435 \u043a\u0430\u0442\u0430\u043d\u0438\u0435", "is_active": false}}, {"model": "api.tourvariant", "pk": 140, "fields": {"tour": 15, "company": 16, "coast": 3200, "difficulty": "MIDDLE", "out_time": "2021-06-26T09:00:00Z", "back_time": "2021-06-27T23:00:00Z", "photographer": true, "date": "2021-06-26", "start_height": 1600, "max_height": 2100, "days_count": 2, "path_length_m": 14000, "needed_items": "\ud83c\udf86\u0413\u043e\u043b\u043e\u0432\u043d\u043e\u0439 \u0443\u0431\u043e\u0440 (\u043e\u0431\u044f\u0437\u0430\u0442\u0435\u043b\u044c\u043d\u043e) \ud83d\udc53\u0421\u043e\u043b\u043d\u0446\u0435\u0437\u0430\u0449\u0438\u0442\u043d\u044b\u0435 \u043e\u0447\u043a\u0438 \u0438 \u043a\u0440\u0435\u043c \ud83c\udf05\u041f\u043b\u0435\u0434\u0438\u043a \u0438\u043b\u0438 \u043a\u0430\u0440\u0435\u043c\u0430\u0442 \ud83e\udd58\u041f\u0435\u0440\u0435\u043a\u0443\u0441\u044b \u2764\ufe0f\u0414\u0435\u043d\u044c\u0433\u0438 \u043d\u0430 \u0434\u043e\u043f\u043e\u043b\u043d\u0438\u0442\u0435\u043b\u044c\u043d\u043e\u0435 \u043a\u0430\u0442\u0430\u043d\u0438\u0435", "is_active": false}}, {"model": "api.tourvariant", "pk": 141, "fields": {"tour": 22, "company": 16, "coast": 600, "difficulty": "HIGH", "out_time": "2021-05-31T06:00:00Z", "back_time": "2021-06-27T22:00:00Z", "photographer": false, "date": "2021-06-27", "start_height": 1600, "max_height": 2200, "days_count": 1, "path_length_m": 7000, "needed_items": "\ud83c\udf86\u0413\u043e\u043b\u043e\u0432\u043d\u043e\u0439 \u0443\u0431\u043e\u0440 (\u043e\u0431\u044f\u0437\u0430\u0442\u0435\u043b\u044c\u043d\u043e) \ud83d\udc53\u0421\u043e\u043b\u043d\u0446\u0435\u0437\u0430\u0449\u0438\u0442\u043d\u044b\u0435 \u043e\u0447\u043a\u0438 \u0438 \u043a\u0440\u0435\u043c \ud83c\udf05\u041f\u043b\u0435\u0434\u0438\u043a \u0438\u043b\u0438 \u043a\u0430\u0440\u0435\u043c\u0430\u0442 \ud83e\udd58\u041f\u0435\u0440\u0435\u043a\u0443\u0441\u044b \u2764\ufe0f\u0414\u0435\u043d\u044c\u0433\u0438 \u043d\u0430 \u0434\u043e\u043f\u043e\u043b\u043d\u0438\u0442\u0435\u043b\u044c\u043d\u043e\u0435 \u043a\u0430\u0442\u0430\u043d\u0438\u0435", "is_active": false}}, {"model": "api.tourvariant", "pk": 142, "fields": {"tour": 12, "company": 16, "coast": 1000, "difficulty": "MIDDLE", "out_time": "2021-05-31T09:00:00Z", "back_time": "2021-06-27T22:00:00Z", "photographer": true, "date": "2021-06-27", "start_height": 1600, "max_height": 1800, "days_count": 1, "path_length_m": 3000, "needed_items": "\ud83c\udf86\u0413\u043e\u043b\u043e\u0432\u043d\u043e\u0439 \u0443\u0431\u043e\u0440 (\u043e\u0431\u044f\u0437\u0430\u0442\u0435\u043b\u044c\u043d\u043e) \ud83d\udc53\u0421\u043e\u043b\u043d\u0446\u0435\u0437\u0430\u0449\u0438\u0442\u043d\u044b\u0435 \u043e\u0447\u043a\u0438 \u0438 \u043a\u0440\u0435\u043c \ud83c\udf05\u041f\u043b\u0435\u0434\u0438\u043a \u0438\u043b\u0438 \u043a\u0430\u0440\u0435\u043c\u0430\u0442 \ud83e\udd58\u041f\u0435\u0440\u0435\u043a\u0443\u0441\u044b \u2764\ufe0f\u0414\u0435\u043d\u044c\u0433\u0438 \u043d\u0430 \u0434\u043e\u043f\u043e\u043b\u043d\u0438\u0442\u0435\u043b\u044c\u043d\u043e\u0435 \u043a\u0430\u0442\u0430\u043d\u0438\u0435", "is_active": false}}, {"model": "api.tourvariant", "pk": 143, "fields": {"tour": 19, "company": 16, "coast": 1000, "difficulty": "MIDDLE", "out_time": "2021-06-27T09:00:00Z", "back_time": "2021-06-27T22:00:00Z", "photographer": true, "date": "2021-06-27", "start_height": 2000, "max_height": 2500, "days_count": 1, "path_length_m": 7000, "needed_items": "\ud83c\udf86\u0413\u043e\u043b\u043e\u0432\u043d\u043e\u0439 \u0443\u0431\u043e\u0440 (\u043e\u0431\u044f\u0437\u0430\u0442\u0435\u043b\u044c\u043d\u043e) \ud83d\udc53\u0421\u043e\u043b\u043d\u0446\u0435\u0437\u0430\u0449\u0438\u0442\u043d\u044b\u0435 \u043e\u0447\u043a\u0438 \u0438 \u043a\u0440\u0435\u043c \ud83c\udf05\u041f\u043b\u0435\u0434\u0438\u043a \u0438\u043b\u0438 \u043a\u0430\u0440\u0435\u043c\u0430\u0442 \ud83e\udd58\u041f\u0435\u0440\u0435\u043a\u0443\u0441\u044b \u2764\ufe0f\u0414\u0435\u043d\u044c\u0433\u0438 \u043d\u0430 \u0434\u043e\u043f\u043e\u043b\u043d\u0438\u0442\u0435\u043b\u044c\u043d\u043e\u0435 \u043a\u0430\u0442\u0430\u043d\u0438\u0435", "is_active": false}}, {"model": "api.tourvariant", "pk": 144, "fields": {"tour": 11, "company": 17, "coast": 5500, "difficulty": "MIDDLE", "out_time": "2021-06-25T09:00:00Z", "back_time": "2021-06-27T22:00:00Z", "photographer": true, "date": "2021-06-25", "start_height": 3000, "max_height": 3900, "days_count": 3, "path_length_m": 3000, "needed_items": "\ud83c\udf86\u0413\u043e\u043b\u043e\u0432\u043d\u043e\u0439 \u0443\u0431\u043e\u0440 (\u043e\u0431\u044f\u0437\u0430\u0442\u0435\u043b\u044c\u043d\u043e) \ud83d\udc53\u0421\u043e\u043b\u043d\u0446\u0435\u0437\u0430\u0449\u0438\u0442\u043d\u044b\u0435 \u043e\u0447\u043a\u0438 \u0438 \u043a\u0440\u0435\u043c \ud83c\udf05\u041f\u043b\u0435\u0434\u0438\u043a \u0438\u043b\u0438 \u043a\u0430\u0440\u0435\u043c\u0430\u0442 \ud83e\udd58\u041f\u0435\u0440\u0435\u043a\u0443\u0441\u044b \u2764\ufe0f\u0414\u0435\u043d\u044c\u0433\u0438 \u043d\u0430 \u0434\u043e\u043f\u043e\u043b\u043d\u0438\u0442\u0435\u043b\u044c\u043d\u043e\u0435 \u043a\u0430\u0442\u0430\u043d\u0438\u0435", "is_active": false}}, {"model": "api.tourvariant", "pk": 145, "fields": {"tour": 29, "company": 17, "coast": 500, "difficulty": "MIDDLE", "out_time": "2021-06-25T09:00:00Z", "back_time": "2021-06-25T21:00:00Z", "photographer": false, "date": "2021-06-25", "start_height": 1600, "max_height": 1800, "days_count": 1, "path_length_m": 3000, "needed_items": "\ud83c\udf86\u0413\u043e\u043b\u043e\u0432\u043d\u043e\u0439 \u0443\u0431\u043e\u0440 (\u043e\u0431\u044f\u0437\u0430\u0442\u0435\u043b\u044c\u043d\u043e) \ud83d\udc53\u0421\u043e\u043b\u043d\u0446\u0435\u0437\u0430\u0449\u0438\u0442\u043d\u044b\u0435 \u043e\u0447\u043a\u0438 \u0438 \u043a\u0440\u0435\u043c \ud83c\udf05\u041f\u043b\u0435\u0434\u0438\u043a \u0438\u043b\u0438 \u043a\u0430\u0440\u0435\u043c\u0430\u0442 \ud83e\udd58\u041f\u0435\u0440\u0435\u043a\u0443\u0441\u044b \u2764\ufe0f\u0414\u0435\u043d\u044c\u0433\u0438 \u043d\u0430 \u0434\u043e\u043f\u043e\u043b\u043d\u0438\u0442\u0435\u043b\u044c\u043d\u043e\u0435 \u043a\u0430\u0442\u0430\u043d\u0438\u0435", "is_active": false}}, {"model": "api.tourvariant", "pk": 146, "fields": {"tour": 29, "company": 17, "coast": 500, "difficulty": "MIDDLE", "out_time": "2021-06-26T09:00:00Z", "back_time": "2021-06-26T22:00:00Z", "photographer": false, "date": "2021-06-26", "start_height": 1600, "max_height": 1800, "days_count": 1, "path_length_m": 3000, "needed_items": "\ud83c\udf86\u0413\u043e\u043b\u043e\u0432\u043d\u043e\u0439 \u0443\u0431\u043e\u0440 (\u043e\u0431\u044f\u0437\u0430\u0442\u0435\u043b\u044c\u043d\u043e) \ud83d\udc53\u0421\u043e\u043b\u043d\u0446\u0435\u0437\u0430\u0449\u0438\u0442\u043d\u044b\u0435 \u043e\u0447\u043a\u0438 \u0438 \u043a\u0440\u0435\u043c \ud83c\udf05\u041f\u043b\u0435\u0434\u0438\u043a \u0438\u043b\u0438 \u043a\u0430\u0440\u0435\u043c\u0430\u0442 \ud83e\udd58\u041f\u0435\u0440\u0435\u043a\u0443\u0441\u044b \u2764\ufe0f\u0414\u0435\u043d\u044c\u0433\u0438 \u043d\u0430 \u0434\u043e\u043f\u043e\u043b\u043d\u0438\u0442\u0435\u043b\u044c\u043d\u043e\u0435 \u043a\u0430\u0442\u0430\u043d\u0438\u0435", "is_active": false}}, {"model": "api.tourvariant", "pk": 147, "fields": {"tour": 29, "company": 17, "coast": 600, "difficulty": "MIDDLE", "out_time": "2021-06-27T09:00:00Z", "back_time": "2021-06-27T22:00:00Z", "photographer": true, "date": "2021-06-27", "start_height": 1600, "max_height": 1800, "days_count": 1, "path_length_m": 3000, "needed_items": "\ud83c\udf86\u0413\u043e\u043b\u043e\u0432\u043d\u043e\u0439 \u0443\u0431\u043e\u0440 (\u043e\u0431\u044f\u0437\u0430\u0442\u0435\u043b\u044c\u043d\u043e) \ud83d\udc53\u0421\u043e\u043b\u043d\u0446\u0435\u0437\u0430\u0449\u0438\u0442\u043d\u044b\u0435 \u043e\u0447\u043a\u0438 \u0438 \u043a\u0440\u0435\u043c \ud83c\udf05\u041f\u043b\u0435\u0434\u0438\u043a \u0438\u043b\u0438 \u043a\u0430\u0440\u0435\u043c\u0430\u0442 \ud83e\udd58\u041f\u0435\u0440\u0435\u043a\u0443\u0441\u044b \u2764\ufe0f\u0414\u0435\u043d\u044c\u0433\u0438 \u043d\u0430 \u0434\u043e\u043f\u043e\u043b\u043d\u0438\u0442\u0435\u043b\u044c\u043d\u043e\u0435 \u043a\u0430\u0442\u0430\u043d\u0438\u0435", "is_active": false}}, {"model": "api.tourvariant", "pk": 148, "fields": {"tour": 22, "company": 17, "coast": 500, "difficulty": "HIGH", "out_time": "2021-06-27T09:00:00Z", "back_time": "2021-06-27T22:00:00Z", "photographer": true, "date": "2021-06-27", "start_height": 2000, "max_height": 2500, "days_count": 1, "path_length_m": 7000, "needed_items": "\ud83c\udf86\u0413\u043e\u043b\u043e\u0432\u043d\u043e\u0439 \u0443\u0431\u043e\u0440 (\u043e\u0431\u044f\u0437\u0430\u0442\u0435\u043b\u044c\u043d\u043e) \ud83d\udc53\u0421\u043e\u043b\u043d\u0446\u0435\u0437\u0430\u0449\u0438\u0442\u043d\u044b\u0435 \u043e\u0447\u043a\u0438 \u0438 \u043a\u0440\u0435\u043c \ud83c\udf05\u041f\u043b\u0435\u0434\u0438\u043a \u0438\u043b\u0438 \u043a\u0430\u0440\u0435\u043c\u0430\u0442 \ud83e\udd58\u041f\u0435\u0440\u0435\u043a\u0443\u0441\u044b \u2764\ufe0f\u0414\u0435\u043d\u044c\u0433\u0438 \u043d\u0430 \u0434\u043e\u043f\u043e\u043b\u043d\u0438\u0442\u0435\u043b\u044c\u043d\u043e\u0435 \u043a\u0430\u0442\u0430\u043d\u0438\u0435", "is_active": false}}, {"model": "api.tourvariant", "pk": 149, "fields": {"tour": 21, "company": 16, "coast": 600, "difficulty": "MIDDLE", "out_time": "2021-06-27T09:00:00Z", "back_time": "2021-06-27T22:00:00Z", "photographer": true, "date": "2021-06-27", "start_height": 1600, "max_height": 2200, "days_count": 1, "path_length_m": 3000, "needed_items": "\ud83c\udf86\u0413\u043e\u043b\u043e\u0432\u043d\u043e\u0439 \u0443\u0431\u043e\u0440 (\u043e\u0431\u044f\u0437\u0430\u0442\u0435\u043b\u044c\u043d\u043e) \ud83d\udc53\u0421\u043e\u043b\u043d\u0446\u0435\u0437\u0430\u0449\u0438\u0442\u043d\u044b\u0435 \u043e\u0447\u043a\u0438 \u0438 \u043a\u0440\u0435\u043c \ud83c\udf05\u041f\u043b\u0435\u0434\u0438\u043a \u0438\u043b\u0438 \u043a\u0430\u0440\u0435\u043c\u0430\u0442 \ud83e\udd58\u041f\u0435\u0440\u0435\u043a\u0443\u0441\u044b \u2764\ufe0f\u0414\u0435\u043d\u044c\u0433\u0438 \u043d\u0430 \u0434\u043e\u043f\u043e\u043b\u043d\u0438\u0442\u0435\u043b\u044c\u043d\u043e\u0435 \u043a\u0430\u0442\u0430\u043d\u0438\u0435", "is_active": false}}, {"model": "api.tourvariant", "pk": 150, "fields": {"tour": 15, "company": 17, "coast": 3200, "difficulty": "MIDDLE", "out_time": "2021-06-26T09:00:00Z", "back_time": "2021-06-27T22:00:00Z", "photographer": false, "date": "2021-06-26", "start_height": 2000, "max_height": 2200, "days_count": 2, "path_length_m": 14000, "needed_items": "\ud83c\udf86\u0413\u043e\u043b\u043e\u0432\u043d\u043e\u0439 \u0443\u0431\u043e\u0440 (\u043e\u0431\u044f\u0437\u0430\u0442\u0435\u043b\u044c\u043d\u043e) \ud83d\udc53\u0421\u043e\u043b\u043d\u0446\u0435\u0437\u0430\u0449\u0438\u0442\u043d\u044b\u0435 \u043e\u0447\u043a\u0438 \u0438 \u043a\u0440\u0435\u043c \ud83c\udf05\u041f\u043b\u0435\u0434\u0438\u043a \u0438\u043b\u0438 \u043a\u0430\u0440\u0435\u043c\u0430\u0442 \ud83e\udd58\u041f\u0435\u0440\u0435\u043a\u0443\u0441\u044b \u2764\ufe0f\u0414\u0435\u043d\u044c\u0433\u0438 \u043d\u0430 \u0434\u043e\u043f\u043e\u043b\u043d\u0438\u0442\u0435\u043b\u044c\u043d\u043e\u0435 \u043a\u0430\u0442\u0430\u043d\u0438\u0435", "is_active": false}}, {"model": "api.tourvariant", "pk": 151, "fields": {"tour": 16, "company": 18, "coast": 1100, "difficulty": "MIDDLE", "out_time": "2021-06-26T09:00:00Z", "back_time": "2021-06-26T21:00:00Z", "photographer": false, "date": "2021-06-26", "start_height": 1600, "max_height": 1800, "days_count": 1, "path_length_m": 7000, "needed_items": "\ud83c\udf86\u0413\u043e\u043b\u043e\u0432\u043d\u043e\u0439 \u0443\u0431\u043e\u0440 (\u043e\u0431\u044f\u0437\u0430\u0442\u0435\u043b\u044c\u043d\u043e) \ud83d\udc53\u0421\u043e\u043b\u043d\u0446\u0435\u0437\u0430\u0449\u0438\u0442\u043d\u044b\u0435 \u043e\u0447\u043a\u0438 \u0438 \u043a\u0440\u0435\u043c \ud83c\udf05\u041f\u043b\u0435\u0434\u0438\u043a \u0438\u043b\u0438 \u043a\u0430\u0440\u0435\u043c\u0430\u0442 \ud83e\udd58\u041f\u0435\u0440\u0435\u043a\u0443\u0441\u044b \u2764\ufe0f\u0414\u0435\u043d\u044c\u0433\u0438 \u043d\u0430 \u0434\u043e\u043f\u043e\u043b\u043d\u0438\u0442\u0435\u043b\u044c\u043d\u043e\u0435 \u043a\u0430\u0442\u0430\u043d\u0438\u0435", "is_active": false}}, {"model": "api.tourvariant", "pk": 152, "fields": {"tour": 12, "company": 19, "coast": 800, "difficulty": "EASY", "out_time": "2021-06-25T09:00:00Z", "back_time": "2021-06-25T22:00:00Z", "photographer": false, "date": "2021-06-25", "start_height": 1600, "max_height": 1800, "days_count": 1, "path_length_m": 3000, "needed_items": "\ud83c\udf86\u0413\u043e\u043b\u043e\u0432\u043d\u043e\u0439 \u0443\u0431\u043e\u0440 (\u043e\u0431\u044f\u0437\u0430\u0442\u0435\u043b\u044c\u043d\u043e) \ud83d\udc53\u0421\u043e\u043b\u043d\u0446\u0435\u0437\u0430\u0449\u0438\u0442\u043d\u044b\u0435 \u043e\u0447\u043a\u0438 \u0438 \u043a\u0440\u0435\u043c \ud83c\udf05\u041f\u043b\u0435\u0434\u0438\u043a \u0438\u043b\u0438 \u043a\u0430\u0440\u0435\u043c\u0430\u0442 \ud83e\udd58\u041f\u0435\u0440\u0435\u043a\u0443\u0441\u044b \u2764\ufe0f\u0414\u0435\u043d\u044c\u0433\u0438 \u043d\u0430 \u0434\u043e\u043f\u043e\u043b\u043d\u0438\u0442\u0435\u043b\u044c\u043d\u043e\u0435 \u043a\u0430\u0442\u0430\u043d\u0438\u0435", "is_active": false}}, {"model": "api.tourvariant", "pk": 153, "fields": {"tour": 22, "company": 19, "coast": 600, "difficulty": "HIGH", "out_time": "2021-06-25T09:00:00Z", "back_time": "2021-06-25T22:00:00Z", "photographer": false, "date": "2021-06-25", "start_height": 2000, "max_height": 2500, "days_count": 1, "path_length_m": 7000, "needed_items": "\u0422\u0440\u0435\u043a\u0438\u043d\u0433\u043e\u0432\u044b\u0435 \u043f\u0430\u043b\u043e\u0447\u043a\u0438, \u043a\u0440\u0435\u043f\u043a\u0430\u044f \u043e\u0431\u0443\u0432\u044c", "is_active": false}}, {"model": "api.tourvariant", "pk": 154, "fields": {"tour": 21, "company": 19, "coast": 600, "difficulty": "MIDDLE", "out_time": "2021-06-25T09:00:00Z", "back_time": "2021-06-25T21:00:00Z", "photographer": false, "date": "2021-06-25", "start_height": 1600, "max_height": 1800, "days_count": 1, "path_length_m": 3000, "needed_items": "\u0412\u043e\u0434\u0430", "is_active": false}}, {"model": "api.tourvariant", "pk": 155, "fields": {"tour": 11, "company": 19, "coast": 5300, "difficulty": "MIDDLE", "out_time": "2021-06-25T09:00:00Z", "back_time": "2021-06-26T23:00:00Z", "photographer": false, "date": "2021-06-25", "start_height": 1600, "max_height": 2100, "days_count": 2, "path_length_m": 14000, "needed_items": "\u0422\u0440\u0435\u043a\u0438\u043d\u0433\u043e\u0432\u044b\u0435 \u043f\u0430\u043b\u043e\u0447\u043a\u0438, \u043a\u0440\u0435\u043f\u043a\u0430\u044f \u043e\u0431\u0443\u0432\u044c", "is_active": false}}, {"model": "api.tourvariant", "pk": 156, "fields": {"tour": 11, "company": 21, "coast": 6000, "difficulty": "MIDDLE", "out_time": "2021-06-27T09:00:00Z", "back_time": "2021-05-29T23:00:00Z", "photographer": false, "date": "2021-06-27", "start_height": 3000, "max_height": 3700, "days_count": 3, "path_length_m": 14000, "needed_items": "\ud83c\udf86\u0413\u043e\u043b\u043e\u0432\u043d\u043e\u0439 \u0443\u0431\u043e\u0440 (\u043e\u0431\u044f\u0437\u0430\u0442\u0435\u043b\u044c\u043d\u043e) \ud83d\udc53\u0421\u043e\u043b\u043d\u0446\u0435\u0437\u0430\u0449\u0438\u0442\u043d\u044b\u0435 \u043e\u0447\u043a\u0438 \u0438 \u043a\u0440\u0435\u043c \ud83c\udf05\u041f\u043b\u0435\u0434\u0438\u043a \u0438\u043b\u0438 \u043a\u0430\u0440\u0435\u043c\u0430\u0442 \ud83e\udd58\u041f\u0435\u0440\u0435\u043a\u0443\u0441\u044b \u2764\ufe0f\u0414\u0435\u043d\u044c\u0433\u0438 \u043d\u0430 \u0434\u043e\u043f\u043e\u043b\u043d\u0438\u0442\u0435\u043b\u044c\u043d\u043e\u0435 \u043a\u0430\u0442\u0430\u043d\u0438\u0435", "is_active": false}}, {"model": "api.tourvariant", "pk": 157, "fields": {"tour": 22, "company": 21, "coast": 500, "difficulty": "HIGH", "out_time": "2021-05-31T09:00:00Z", "back_time": "2021-06-27T21:00:00Z", "photographer": false, "date": "2021-06-27", "start_height": 1600, "max_height": 2200, "days_count": 1, "path_length_m": 7000, "needed_items": "\u0422\u0440\u0435\u043a\u0438\u043d\u0433\u043e\u0432\u044b\u0435 \u043f\u0430\u043b\u043e\u0447\u043a\u0438, \u043a\u0440\u0435\u043f\u043a\u0430\u044f \u043e\u0431\u0443\u0432\u044c", "is_active": false}}, {"model": "api.tourvariant", "pk": 158, "fields": {"tour": 24, "company": 24, "coast": 600, "difficulty": "HIGH", "out_time": "2021-05-31T09:00:00Z", "back_time": "2021-05-31T23:00:00Z", "photographer": false, "date": "2021-05-31", "start_height": 1600, "max_height": 2300, "days_count": 1, "path_length_m": 7000, "needed_items": "\ud83c\udf86\u0413\u043e\u043b\u043e\u0432\u043d\u043e\u0439 \u0443\u0431\u043e\u0440 (\u043e\u0431\u044f\u0437\u0430\u0442\u0435\u043b\u044c\u043d\u043e) \ud83d\udc53\u0421\u043e\u043b\u043d\u0446\u0435\u0437\u0430\u0449\u0438\u0442\u043d\u044b\u0435 \u043e\u0447\u043a\u0438 \u0438 \u043a\u0440\u0435\u043c \ud83c\udf05\u041f\u043b\u0435\u0434\u0438\u043a \u0438\u043b\u0438 \u043a\u0430\u0440\u0435\u043c\u0430\u0442 \ud83e\udd58\u041f\u0435\u0440\u0435\u043a\u0443\u0441\u044b \u2764\ufe0f\u0414\u0435\u043d\u044c\u0433\u0438 \u043d\u0430 \u0434\u043e\u043f\u043e\u043b\u043d\u0438\u0442\u0435\u043b\u044c\u043d\u043e\u0435 \u043a\u0430\u0442\u0430\u043d\u0438\u0435", "is_active": false}}, {"model": "api.tourvariant", "pk": 159, "fields": {"tour": 12, "company": 22, "coast": 999, "difficulty": "EASY", "out_time": "2021-06-27T09:00:00Z", "back_time": "2021-06-27T21:00:00Z", "photographer": true, "date": "2021-06-27", "start_height": 1600, "max_height": 1800, "days_count": 1, "path_length_m": 3000, "needed_items": "\u0412\u043e\u0434\u0443 \u0441 \u0440\u0430\u0441\u0441\u0447\u0435\u0442\u043e\u043c \u043d\u0430 \u043e\u0434\u0438\u043d \u0434\u0435\u043d\u044c, \u043e\u0431\u0443\u0442\u044c \u0445\u043e\u0440\u043e\u0448\u0443\u044e \u0442\u0440\u0435\u043a\u0438\u043d\u0433\u043e\u0432\u0443\u044e \u043e\u0431\u0443\u0432\u044c, \u0435\u0434\u0443, \u0441\u043e\u043b\u043d\u0446\u0435\u0437\u0430\u0449\u0438\u0442\u043d\u044b\u0435 \u043e\u0447\u043a\u0438", "is_active": false}}, {"model": "api.tourvariant", "pk": 160, "fields": {"tour": 12, "company": 22, "coast": 999, "difficulty": "EASY", "out_time": "2021-06-26T09:00:00Z", "back_time": "2021-06-26T21:00:00Z", "photographer": false, "date": "2021-06-26", "start_height": 1600, "max_height": 1800, "days_count": 1, "path_length_m": 3000, "needed_items": "\u0412\u043e\u0434\u0443 \u0441 \u0440\u0430\u0441\u0441\u0447\u0435\u0442\u043e\u043c \u043d\u0430 \u043e\u0434\u0438\u043d \u0434\u0435\u043d\u044c, \u043e\u0431\u0443\u0442\u044c \u0445\u043e\u0440\u043e\u0448\u0443\u044e \u0442\u0440\u0435\u043a\u0438\u043d\u0433\u043e\u0432\u0443\u044e \u043e\u0431\u0443\u0432\u044c, \u0435\u0434\u0443, \u0441\u043e\u043b\u043d\u0446\u0435\u0437\u0430\u0449\u0438\u0442\u043d\u044b\u0435 \u043e\u0447\u043a\u0438", "is_active": false}}, {"model": "api.tourvariantdetail", "pk": 201, "fields": {"title": "\u041c\u044b \u043f\u043e\u0441\u0435\u0442\u0438\u043c", "description": "\u041f\u0435\u0440\u0435\u0432\u0430\u043b \u0422\u043e\u043e \u0410\u0448\u0443, \u0434\u043e\u043b\u0438\u043d\u0443 \u0421\u0443\u0443-\u0421\u0430\u043c\u044b\u0440, \u0443\u0449\u0435\u043b\u044c\u0435 \u0427\u044b\u0447\u043a\u0430\u043d, \u0422\u043e\u043a\u0442\u043e\u0433\u0443\u043b\u044c\u0441\u043a\u043e\u0435 \u0432\u043e\u0434\u043e\u0445\u0440\u0430\u043d\u0438\u043b\u0438\u0449\u0435, \u0440\u0435\u043a\u0443 \u041d\u0430\u0440\u044b\u043d, 7 \u043e\u0437\u0435\u0440 \u0432 \u0421\u0430\u0440\u044b \u0447\u0435\u043b\u0435\u043a\u0435", "tour": 102}}, {"model": "api.tourvariantdetail", "pk": 202, "fields": {"title": "\u0415\u0434\u0430", "description": "\u041d\u0435 \u043f\u0435\u0440\u0435\u0436\u0438\u0432\u0430\u0439\u0442\u0435 \u0437\u0430 \u0435\u0434\u0443, \u0432\u0441\u0435 \u0432\u043a\u043b\u044e\u0447\u0435\u043d\u043e \u0432 \u0442\u0443\u0440 \u0438 \u043c\u044b \u0432\u0430\u0441 \u0431\u0443\u0434\u0435\u043c \u043e\u0442\u043b\u0438\u0447\u043d\u043e \u043a\u043e\u0440\u043c\u0438\u0442\u044c \u043d\u0430 \u043f\u0440\u043e\u0442\u044f\u0436\u0435\u043d\u0438\u0438 \u0432\u0441\u0435\u0433\u043e \u0442\u0443\u0440\u0430", "tour": 102}}, {"model": "api.tourvariantdetail", "pk": 203, "fields": {"title": "\u041f\u0440\u043e\u0436\u0438\u0432\u0430\u043d\u0438\u0435", "description": "\u0412 \u043f\u0435\u0440\u0432\u044b\u0439 \u0434\u0435\u043d\u044c \u0412\u044b \u0431\u0443\u0434\u0435\u0442\u0435 \u0441\u043f\u0430\u0442\u044c \u0432 \u0443\u044e\u0442\u043d\u044b\u0445 \u044e\u0440\u0442\u0430\u0445, \u0430 \u043d\u0430 \u0432\u0442\u043e\u0440\u043e\u0439 \u0434\u0435\u043d\u044c \u0432\u0430\u0441 \u0436\u0434\u0435\u0442 \u0443\u0436\u0438\u043d \u0438 \u043c\u044f\u0433\u043a\u0430\u044f \u043a\u0440\u043e\u0432\u0430\u0442\u044c \u0432 \u041e\u0442\u0435\u043b\u0435 \u043d\u0435\u043f\u043e\u0434\u0430\u043b\u0435\u043a\u0443 \u043e\u0442 \u0421\u0430\u0440\u044b \u0427\u0435\u043b\u0435\u043a\u0430", "tour": 102}}]